"","district.ID","numb.ini","district.name","males","females","total","males.per","females.per","gender.ratio","young","medium","old","young.per","medium.per","abitur.per","nodegree.per","unemployment","GDP.cap","pop.dens","refugees","east","refugee.ratio"
"1",1001,1,"Flensburg, kreisfreie Stadt",41804,42890,84694,0.493588683968168,0.506411316031832,0.974679412450455,29129,36388,22348,0.343932273832857,0.429640824615675,42.5,7.6,10.5,35063,1479.9,242,0,0.00285734526648877
"2",1002,5,"Kiel, kreisfreie Stadt",117912,125236,243148,0.484939213976673,0.515060786023327,0.941518413235811,86062,111642,57396,0.353949035155543,0.459152450359452,41.4,7.7,10.1,37110,2035.7,736,0,0.00302696300195766
"3",1003,0,"Lübeck, kreisfreie Stadt",102564,111856,214420,0.478332245126387,0.521667754873612,0.916928908596767,64330,95283,62241,0.300018654976215,0.444375524671206,30.7,8.6,10.1,34239,994.2,591,0,0.00275627273575226
"4",1004,2,"Neumünster, kreisfreie Stadt",37961,39627,77588,0.489263803680982,0.510736196319018,0.957957957957958,23861,33582,22348,0.307534670309842,0.432824663607774,36.7,8.8,10.9,33184,1075.8,420,0,0.00541320822807651
"5",1051,0,"Dithmarschen, Landkreis",65154,67531,132685,0.491042695104948,0.508957304895052,0.964801350490886,38724,56322,40706,0.291849116328146,0.424479029279873,22.9,8.6,7.4,26848,92.9,396,0,0.00298451219052643
"6",1053,0,"Herzogtum Lauenburg, Landkreis",93274,97429,190703,0.489106096915098,0.510893903084902,0.957353560028328,55196,86408,53539,0.289434356040545,0.453102468235948,28,8.6,6,20048,149.7,453,0,0.0023754214668883
"7",1054,0,"Nordfriesland, Landkreis",79106,83097,162203,0.487697514842512,0.512302485157488,0.951971792002118,47541,70010,48586,0.29309568873572,0.431619637121385,22.3,7.2,6.4,30459,77.7,424,0,0.00261400837222493
"8",1055,1,"Ostholstein, Landkreis",95658,102697,198355,0.482256560207708,0.517743439792292,0.931458562567553,50631,84803,66989,0.255254467999294,0.427531446144539,26.8,8.7,6.4,21057,142.1,506,0,0.00255098182551486
"9",1057,0,"Plön, Landkreis",61421,65444,126865,0.484144563118275,0.515855436881725,0.938527596112707,34002,54846,40501,0.268017183620384,0.432317818153155,23.1,8.1,5.7,16897,116.9,279,0,0.00219918811334884
"10",1058,0,"Rendsburg-Eckernförde, Landkreis",131768,136860,268628,0.490522209151689,0.509477790848311,0.962794096156656,77480,118579,78356,0.288428607591167,0.441424572270947,26.5,8.1,5.5,25280,122.6,699,0,0.00260211147013714
"11",1059,1,"Schleswig-Flensburg, Landkreis",96600,98993,195593,0.493882705413793,0.506117294586207,0.975826573596113,57142,84921,57860,0.292147469490217,0.434171979569821,23.9,8.5,7.3,22157,94.2,489,0,0.0025000894715046
"12",1060,1,"Segeberg, Landkreis",130289,134683,264972,0.491708557885361,0.508291442114639,0.967375244091682,76725,121903,72925,0.289558896789095,0.460059930860619,28.7,7.2,5,25941,195.8,580,0,0.00218891052639524
"13",1061,1,"Steinburg, Landkreis",64120,66098,130218,0.492405043849545,0.507594956150455,0.970074737510969,37765,58328,37083,0.290013669385185,0.447925785989648,26.9,7,6.3,28513,123.1,372,0,0.00285674791503479
"14",1062,0,"Stormarn, Landkreis",115259,121446,236705,0.486930990050907,0.513069009949093,0.949055547321443,66658,107330,67960,0.281607908578188,0.453433598783296,45.3,4.4,4,28806,306.2,479,0,0.0020236158932004
"15",2000,9,"Hamburg, kreisfreie Stadt",857283,905508,1762791,0.486321407359125,0.513678592640875,0.946742601942777,560808,856440,420044,0.318136409818294,0.48584318844378,NA,NA,NA,NA,NA,NA,0,NA
"16",3101,1,"Braunschweig, kreisfreie Stadt",122318,126184,248502,0.492221390572309,0.507778609427691,0.96936220122995,79948,114010,64791,0.321719744710304,0.458789064071919,46.3,5.9,6.8,37604,1286.5,291,0,0.0011710167322597
"17",3102,0,"Salzgitter, kreisfreie Stadt",48518,50448,98966,0.490249176484853,0.509750823515147,0.96174278464954,29241,42120,30058,0.295465109229432,0.425600711355415,20.5,3.3,9.4,43440,438.5,278,0,0.00280904553078835
"18",3103,0,"Wolfsburg, kreisfreie Stadt",60794,62233,123027,0.49415169027937,0.50584830972063,0.976877219481625,37091,55240,34936,0.301486665528705,0.449007128516504,38.1,4,4.8,105059,600.1,435,0,0.00353580921261187
"19",3151,0,"Gifhorn, Landkreis",85999,86542,172541,0.498426460957106,0.501573539042894,0.993725589886991,53372,79874,43709,0.309329376785807,0.46292765197837,25.8,4.7,4.9,16378,109.7,468,0,0.00271239879217114
"20",3152,4,"Göttingen, Landkreis",122407,127813,250220,0.489197506194549,0.510802493805451,0.957703832943441,82938,111209,65753,0.331460314922868,0.444444888498122,41.6,4.3,6.3,30635,222.2,1205,0,0.00481576212932619
"21",3153,0,"Goslar, Landkreis",67398,69858,137256,0.491038643119426,0.508961356880574,0.96478570815082,36302,57618,46612,0.264483884128927,0.419784927434866,27.3,5.8,8.6,24938,142.8,380,0,0.00276854928017719
"22",3154,2,"Helmstedt, Landkreis",44967,45941,90908,0.494642935715229,0.505357064284771,0.978798894233909,24816,40982,27355,0.272979275751309,0.450807409688916,31.4,6,7.2,19007,134.2,290,0,0.00319003828045937
"23",3155,0,"Northeim, Landkreis",65576,68329,133905,0.489720324110377,0.510279675889623,0.95970964012352,35946,58653,42340,0.268444046152123,0.438019491430492,33.5,4.3,6.9,24229,106.3,542,0,0.00404764571897987
"24",3156,0,"Osterode am Harz, Landkreis",36014,37779,73793,0.488040871085333,0.511959128914667,0.953280923264247,18241,30864,26105,0.247191468025422,0.418251053622972,24.3,3.8,7.6,29256,116.9,266,0,0.00360467795048311
"25",3157,0,"Peine, Landkreis",64311,66290,130601,0.492423488334699,0.507576511665301,0.970146326746116,38616,59047,35906,0.295679206131653,0.452117518242586,31.5,4.2,6.1,19893,243.3,516,0,0.00395096515340618
"26",3158,0,"Wolfenbüttel, Landkreis",59118,60917,120035,0.492506352313908,0.507493647686092,0.970468013854917,33961,53267,35501,0.282925813304453,0.443762236014496,30.6,4,6,17446,165.9,385,0,0.003207397842296
"27",3241,11,"Region Hannover, Landkreis",548485,579552,1128037,0.486229618354717,0.513770381645283,0.94639480150185,345134,517345,302858,0.305959822239873,0.458624140874812,38.9,4.9,8.2,38453,488.7,3481,0,0.00308589168617696
"28",3251,1,"Diepholz, Landkreis",104727,106366,211093,0.496117824844974,0.503882175155026,0.984590940714138,61155,95176,59695,0.289706432709754,0.45087236431336,28,3.5,4.6,24940,105.6,641,0,0.0030365762957559
"29",3252,1,"Hameln-Pyrmont, Landkreis",71071,76742,147813,0.480816978208953,0.519183021791047,0.92610304657163,40750,63888,46810,0.275686171040436,0.432221793752918,28.7,7.1,7.9,30169,185.6,417,0,0.00282113210610704
"30",3254,3,"Hildesheim, Landkreis",132995,141559,274554,0.484403796703017,0.515596203296984,0.939502257009445,80889,120982,80090,0.294619637666907,0.440649198336211,34.4,5.7,7.4,23963,227.6,892,0,0.00324890549764345
"31",3255,0,"Holzminden, Landkreis",35179,36259,71438,0.492440997788292,0.507559002211708,0.970214291624149,19960,29974,23144,0.27940311878832,0.419580615358773,18.9,7.2,7.7,26387,103.8,171,0,0.00239368403370755
"32",1056,1,"Pinneberg, Landkreis",148523,155564,304087,0.488422721129151,0.511577278870849,0.954738885603353,88319,138596,84663,0.290439907000299,0.455777458424727,35,6.5,5.4,24753,453.5,875,0,0.00287746598835202
"33",3256,0,"Nienburg (Weser), Landkreis",59175,60456,119631,0.494646036562429,0.505353963437571,0.978811036125447,35427,53349,33705,0.296135617022344,0.445946284825839,25.8,5,6.1,24868,85.7,255,0,0.0021315545301803
"34",3257,1,"Schaumburg, Landkreis",75904,79943,155847,0.487041778154215,0.512958221845785,0.94947650200768,43220,68362,47820,0.277323272183616,0.438648161337722,38.1,3.7,7.1,20701,230.3,556,0,0.00356760155793823
"35",3351,2,"Celle, Landkreis",86243,89914,176157,0.489580317557633,0.510419682442367,0.959172097782325,52513,76424,51811,0.298103396402073,0.433840267488661,23,5.7,7.5,26140,113.6,413,0,0.00234449950896076
"36",3352,1,"Cuxhaven, Landkreis",96128,100659,196787,0.488487552531417,0.511512447468583,0.954986638055216,55025,84716,61569,0.279617047874097,0.43049591690508,21.6,7.2,6.1,19188,95.5,656,0,0.00333355353758124
"37",3353,3,"Harburg, Landkreis",119725,125474,245199,0.488276868992125,0.511723131007875,0.954181742831184,70609,111713,68211,0.287966101003675,0.455601368684212,32.8,2.9,4.7,18188,195.1,706,0,0.00287929396123149
"38",3354,0,"Lüchow-Dannenberg, Landkreis",23982,24746,48728,0.49216056476769,0.50783943523231,0.969126323446213,12717,20397,16570,0.260979313741586,0.418588901658184,25.2,5.3,9.9,21047,39.9,123,0,0.00252421605647677
"39",3355,4,"Lüneburg, Landkreis",86654,91468,178122,0.486486789952954,0.513513210047046,0.94736957187213,56731,82057,44619,0.318495188690897,0.460678635991062,35.1,4,6.3,22571,133.5,555,0,0.00311584195102233
"40",3356,0,"Osterholz, Landkreis",54706,56778,111484,0.490707186681497,0.509292813318503,0.963506992144845,31097,50353,32349,0.278936887804528,0.451661224929138,30.3,6,4.5,16792,170.4,332,0,0.00297800581249327
"41",3357,0,"Rotenburg (Wümme), Landkreis",81154,80688,161842,0.501439675733122,0.498560324266878,1.00577533214357,50683,72450,42814,0.313163455716069,0.447658827745579,25.9,4.7,4.4,27319,77.9,475,0,0.00293496125851139
"42",3358,0,"Heidekreis",67512,68688,136200,0.49568281938326,0.50431718061674,0.982879105520615,40983,59915,38613,0.300903083700441,0.439904552129222,25.2,7.6,6.5,27581,72.7,511,0,0.00375183553597651
"43",3359,0,"Stade, Landkreis",98273,99175,197448,0.497715854300879,0.502284145699121,0.990904965969246,60903,88876,52916,0.308450832624286,0.450123576840485,26.6,5.1,6,25626,155.2,684,0,0.00346420323325635
"44",3360,0,"Uelzen, Landkreis",45140,47393,92533,0.487825964790939,0.512174035209061,0.952461333952271,25702,39838,28986,0.277760366571926,0.430527487490949,25.8,3.3,6.9,22889,63.5,262,0,0.00283142230339446
"45",3361,2,"Verden, Landkreis",65172,68043,133215,0.489224186465488,0.510775813534512,0.957806093205767,40085,59395,37065,0.300904552790602,0.445858199151747,29.4,4.8,5.4,26521,168.1,438,0,0.00328791802724918
"46",3401,1,"Delmenhorst, kreisfreie Stadt",36904,37900,74804,0.493342601999893,0.506657398000107,0.973720316622691,22822,32737,21348,0.305090636864339,0.437637024758034,26.3,6.8,10.7,20763,1187.5,224,0,0.00299449227314047
"47",3402,1,"Emden, kreisfreie Stadt",24682,25334,50016,0.493482085732566,0.506517914267434,0.974263835162233,16596,21621,13457,0.331813819577735,0.432281669865643,28.7,9.3,8.9,52254,443.1,194,0,0.0038787587971849
"48",3403,5,"Oldenburg (Oldenburg), kreisfreie Stadt",76498,84409,160907,0.475417477176257,0.524582522823743,0.906277766588871,53140,75553,39399,0.330252878992213,0.469544519505056,43.3,6,8.4,38118,1549.8,399,0,0.00247969323895169
"49",3404,2,"Osnabrück, kreisfreie Stadt",75419,81478,156897,0.48069115406923,0.51930884593077,0.925636368099364,53046,71810,38922,0.338094418631331,0.457688802207818,42.2,4.6,8.1,43077,1304.8,384,0,0.00244746553471386
"50",3405,1,"Wilhelmshaven, kreisfreie Stadt",36868,38666,75534,0.488098075039055,0.511901924960945,0.953499198262039,22632,30464,24637,0.299626658193661,0.403315063415151,33.9,5.7,12.3,34523,708.3,309,0,0.00409087298435142
"51",3451,0,"Ammerland, Landkreis",58689,61228,119917,0.489413511011783,0.510586488988217,0.958532044162801,35572,52944,34192,0.296638508301575,0.441505374550731,24.5,2.7,4.6,23549,163.2,299,0,0.00249339126228975
"52",3452,0,"Aurich, Landkreis",92332,95666,187998,0.491132884392387,0.508867115607613,0.965149582923923,56973,82185,53412,0.303051096288258,0.437158905945808,20.9,8.2,7.8,21051,145.3,582,0,0.00309577761465548
"53",3453,0,"Cloppenburg, Landkreis",81826,80524,162350,0.504009855251001,0.495990144748999,1.01616909244449,59447,73196,34535,0.366165691407453,0.450853095164767,16.6,4.8,5.6,28821,112.9,350,0,0.00215583615645211
"54",3454,0,"Emsland, Landkreis",159890,155867,315757,0.50637040508999,0.49362959491001,1.02581046661577,105324,143223,76309,0.333560301117632,0.453586143775118,24,4.7,3.5,36374,108.8,893,0,0.00282812415876766
"55",3455,0,"Friesland, Landkreis",47192,49745,96937,0.486831653548181,0.513168346451819,0.94867825912152,26949,41218,30878,0.278005302412907,0.425203998473235,20,3.6,6,21535,159.7,400,0,0.00412639136758926
"56",3456,0,"Grafschaft Bentheim, Landkreis",66859,67470,134329,0.497725733088164,0.502274266911836,0.990944123314066,43297,59698,34804,0.322320571135049,0.444416321122021,20.9,6.9,4.4,25871,136.3,346,0,0.00257576547134275
"57",3457,2,"Leer, Landkreis",82236,83573,165809,0.495968252628024,0.504031747371976,0.984002010218611,52299,73382,44439,0.315417136584866,0.442569462453787,18.6,7.5,6.5,25598,151.7,441,0,0.00265968674800524
"58",3458,1,"Oldenburg, Landkreis",63064,63734,126798,0.497358002492153,0.502641997507847,0.989487557661531,37803,58185,33714,0.29813561728103,0.458879477594284,12.3,4.3,4.7,19460,118.3,214,0,0.00168772378113219
"59",3459,1,"Osnabrück, Landkreis",173636,177680,351316,0.494244497831013,0.505755502168987,0.977239981990095,111925,157551,90842,0.318587824067222,0.44845950654112,20.8,4.1,4,24565,165.1,772,0,0.00219745186669551
"60",3460,2,"Vechta, Landkreis",68462,67722,136184,0.502716912412618,0.497283087587382,1.01092702519122,50206,62039,28352,0.368662985372731,0.45555278153087,28.4,4.5,3.9,35745,165.1,258,0,0.00189449568231217
"61",3461,0,"Wesermarsch, Landkreis",44201,44564,88765,0.497955275164761,0.502044724835239,0.991854411632708,26183,38621,25991,0.294969864248296,0.435092660395426,25.7,4.1,7.4,31002,108.1,266,0,0.00299667661803639
"62",3462,0,"Wittmund, Landkreis",27623,28916,56539,0.488565415023258,0.511434584976742,0.955284271683497,16698,24191,16972,0.295335962786749,0.4278639523161,27.1,4.7,7,21698,85.9,192,0,0.00339588602557527
"63",4011,11,"Bremen, kreisfreie Stadt",270045,281722,551767,0.489418540797112,0.510581459202888,0.95855133784369,171847,251383,149022,0.31144849184529,0.455596293362959,37.5,6.1,10.1,43332,1684.9,3610,0,0.00654261672046353
"64",4012,0,"Bremerhaven, kreisfreie Stadt",54422,55699,110121,0.494201832529672,0.505798167470328,0.977073197005332,34450,47692,31282,0.312837696715431,0.433087240399197,38.8,6.2,14.7,35837,1160.1,630,0,0.0057209796496581
"65",5111,5,"Düsseldorf, kreisfreie Stadt",291358,313169,604527,0.481960276381369,0.518039723618631,0.93035389837436,181979,295326,151789,0.301027083984669,0.488524085772844,51.4,5,8.8,69916,2753.7,1366,0,0.0022596178499885
"66",5112,2,"Duisburg, kreisfreie Stadt",237313,248152,485465,0.488836476368018,0.511163523631982,0.95632112576163,151103,218803,131151,0.31125415838423,0.450708084001936,44.5,5.7,13.1,34579,2091.3,1371,0,0.00282409648481353
"67",5113,2,"Essen, kreisfreie Stadt",276568,297216,573784,0.482007166459852,0.517992833540147,0.930528639104221,173806,259372,160383,0.302911897159907,0.452037700598134,51.1,5.8,12.4,41118,2709.3,2686,0,0.00468120407679545
"68",5114,1,"Krefeld, kreisfreie Stadt",107553,114947,222500,0.483384269662921,0.516615730337079,0.935674702254082,66561,99940,62532,0.299150561797753,0.449168539325843,44.1,5.6,11.2,33509,1611.7,687,0,0.0030876404494382
"69",5116,1,"Mönchengladbach, kreisfreie Stadt",125443,131410,256853,0.488384406645046,0.511615593354954,0.954592496765847,79273,116165,69699,0.308631785495984,0.452262578206211,45.5,7.1,11.4,29474,1498.6,731,0,0.00284598583625654
"70",5117,2,"Mülheim an der Ruhr, kreisfreie Stadt",79855,87253,167108,0.477864614500802,0.522135385499198,0.915212084398244,46720,73912,51015,0.279579673025828,0.442300787514661,54.8,3.4,7.9,36410,1825.6,715,0,0.00427867008162386
"71",5119,3,"Oberhausen, kreisfreie Stadt",102059,107233,209292,0.487639279093324,0.512360720906676,0.951749927727472,60961,95584,58957,0.291272480553485,0.456701641725436,44.6,4.7,12,24284,2712,511,0,0.00244156489497926
"72",5120,0,"Remscheid, kreisfreie Stadt",53262,55747,109009,0.488601858562137,0.511398141437863,0.955423610239116,31857,48827,31190,0.292241924978671,0.447917144455962,44.2,2.8,8.7,33576,1462.1,311,0,0.00285297544239466
"73",5122,0,"Solingen, kreisfreie Stadt",75625,81146,156771,0.482391513736597,0.517608486263403,0.931962142311389,47444,71403,42536,0.302632502184715,0.455460512467229,48.5,4.4,9.4,26075,1739.6,655,0,0.00417806864790044
"74",5124,3,"Wuppertal, kreisfreie Stadt",167737,177688,345425,0.485596004921474,0.514403995078526,0.943997343658548,107272,154950,93929,0.310550770789607,0.448577838894116,46.7,4.9,10.8,30402,2039.8,2055,0,0.0059491930230875
"75",5154,2,"Kleve, Landkreis",150973,153990,304963,0.495053498293236,0.504946501706764,0.980407818689525,94304,139019,79979,0.309230955886452,0.455855300479075,39.7,5.5,6.7,24657,245.5,929,0,0.00304627118699646
"76",5158,1,"Mettmann, Landkreis",229809,247951,477760,0.481013479571333,0.518986520428667,0.92683231767567,133041,213112,143288,0.278468268586738,0.446064969859344,43.4,4.4,6.9,32465,1170.5,1604,0,0.00335733422638982
"77",5162,2,"Rhein-Kreis Neuss",214458,228064,442522,0.484626753020189,0.515373246979811,0.940341307703101,128425,203144,122331,0.290211560103227,0.459059662570449,50.5,3.4,6.5,33412,764.2,1197,0,0.00270495026235984
"78",5166,0,"Viersen, Landkreis",143430,151637,295067,0.486092989049945,0.513907010950055,0.945877325454869,85426,135186,81560,0.28951390701095,0.458153571900619,49.1,4.3,7.2,24722,523.6,837,0,0.00283664388088129
"79",5170,3,"Wesel, Landkreis",222207,235037,457244,0.485970291572989,0.514029708427011,0.945412849891719,129393,207081,132673,0.282984577162303,0.452889485701289,45.7,4.3,7.7,24747,438.3,1372,0,0.00300058612032088
"80",5314,4,"Bonn, kreisfreie Stadt",148779,165179,313958,0.473881856808873,0.526118143191127,0.900713771121026,107210,146130,73364,0.341478796526924,0.465444422502373,56.8,2.8,7.2,59562,2206.8,850,0,0.00270736850151931
"81",5315,6,"Köln, kreisfreie Stadt",508829,537851,1046680,0.486136163870524,0.513863836129476,0.946040817996062,340534,515061,236442,0.325346810868651,0.49209022814996,47.8,4.3,9.6,47267,2553.5,4731,0,0.00452000611457179
"82",5316,0,"Leverkusen, kreisfreie Stadt",78273,83267,161540,0.484542528166398,0.515457471833602,0.940024259310411,48459,73224,44527,0.299981428748298,0.453287111551319,50.7,5.7,8.6,40992,2039,542,0,0.0033552061408939
"83",5334,6,"Städteregion Aachen, Landkreis",274575,273086,547661,0.501359417595922,0.498640582404078,1.00545249481848,185961,239310,140572,0.339554943660403,0.436967394063116,51.7,3.7,8.9,29622,771,2191,0,0.00400065003715802
"84",5358,1,"Düren, Landkreis",127781,131292,259073,0.493223917583075,0.506776082416925,0.973258081223532,79299,116556,70303,0.306087473414829,0.449896361257252,44.7,3.8,8.2,24429,274.5,926,0,0.00357428215213473
"85",5362,0,"Rhein-Erft-Kreis",223820,235628,459448,0.487149797147882,0.512850202852118,0.949887110190639,137634,209753,124125,0.299563824415385,0.456532621754801,47.4,3.4,7.6,27977,648,1073,0,0.00233541118907907
"86",5366,2,"Euskirchen, Landkreis",92769,95389,188158,0.493037766132718,0.506962233867282,0.972533520636551,55646,85397,51722,0.295740813571573,0.453857927911649,46,3.2,6.1,23470,150.1,493,0,0.00262013839432817
"87",5370,2,"Heinsberg, Landkreis",122726,126584,249310,0.492262644899924,0.507737355100076,0.969522214497883,75929,113935,65990,0.304556576150175,0.457001323653283,45.3,4.3,7.1,21221,395.3,665,0,0.00266736191889615
"88",5374,1,"Oberbergischer Kreis",132494,138124,270618,0.489597883363265,0.510402116636735,0.959239523906055,83852,120702,72833,0.309853742175317,0.446023546105581,44,3.7,5.9,29598,294.2,426,0,0.0015741746668736
"89",5378,1,"Rheinisch-Bergischer Kreis",135337,144160,279497,0.484216288546925,0.515783711453075,0.938797169811321,79787,125403,80564,0.285466391410283,0.448673867698043,51.5,2.7,6.4,23018,636.7,627,0,0.00224331567065121
"90",5382,1,"Rhein-Sieg-Kreis",285746,300035,585781,0.487803462386114,0.512196537613886,0.952375556185112,178531,265328,156950,0.304774309853,0.452947432572924,50,4.5,6,25511,504.9,763,0,0.00130253456496541
"91",5512,0,"Bottrop, kreisfreie Stadt",56099,59918,116017,0.483541205168208,0.516458794831792,0.936262892619914,33330,53128,32801,0.287285484023893,0.457932889145556,47.9,4.5,8.5,20607,1153.5,478,0,0.00412008584948757
"92",5513,1,"Gelsenkirchen, kreisfreie Stadt",127169,130482,257651,0.493570760447272,0.506429239552728,0.974609524685397,79686,116101,69701,0.309278830666289,0.450613426689592,36.9,8.5,14.7,29709,2457.1,1289,0,0.00500289150828058
"93",5515,5,"Münster, kreisfreie Stadt",144350,157828,302178,0.477698575012079,0.522301424987921,0.914603238969004,111740,140074,65844,0.369782048990992,0.463547975034582,59.1,3.7,6,51399,988.2,1178,0,0.0038983645401055
"94",5554,6,"Borken, Landkreis",181636,183555,365191,0.49737260775868,0.50262739224132,0.98954536787339,122305,166113,86918,0.334906939108576,0.454866083775339,38.7,4,4.4,31302,256.4,1458,0,0.00399243135783741
"95",5558,1,"Coesfeld, Landkreis",106205,109791,215996,0.491698920350377,0.508301079649623,0.967337942089971,66978,98362,55692,0.310089075723624,0.455388062741903,44.3,2.7,3.4,24830,193.6,575,0,0.00266208633493213
"96",5562,2,"Recklinghausen, Landkreis",298195,314897,613092,0.486378879515636,0.513621120484364,0.946960434681817,175485,276245,176909,0.286229472901294,0.450576748677197,42.6,5.1,11,23258,807.3,2010,0,0.00327846391732399
"97",5566,1,"Steinfurt, Landkreis",216239,220888,437127,0.494682323443759,0.505317676556241,0.97895313462026,141194,197446,109801,0.323004527288408,0.451690241051228,41.7,3.5,4.9,26993,241.9,1457,0,0.00333312744351184
"98",5570,1,"Warendorf, Landkreis",134377,139035,273412,0.49148171989525,0.50851828010475,0.966497644478009,85180,122605,72619,0.311544482319723,0.448425818910655,43.3,2.9,5.9,28155,206.6,755,0,0.00276140037745234
"99",5711,2,"Bielefeld, kreisfreie Stadt",158982,170800,329782,0.482082102722404,0.517917897277596,0.930807962529274,110414,147824,84004,0.334809055679206,0.448247630252712,47.5,4.3,9.5,34216,1270.6,920,0,0.00278972169493787
"100",5754,0,"Gütersloh, Landkreis",176019,178444,354463,0.496579332680703,0.503420667319297,0.986410302391787,114193,162272,87625,0.322157742839168,0.457796723494413,44,3.4,5.4,41389,363.5,974,0,0.00274781853113019
"101",5758,1,"Herford, Landkreis",121572,127647,249219,0.487811924451988,0.512188075548012,0.952407812169499,74948,111376,69327,0.300731485159639,0.446900115962266,48.6,3.9,6.4,29667,552.8,778,0,0.00312175235435501
"102",5762,1,"Höxter, Landkreis",70833,71937,142770,0.496133641521328,0.503866358478672,0.984653238250136,43756,62571,39989,0.306478952160818,0.438264341248161,48.2,3.9,5.4,24422,118.8,529,0,0.00370526020872732
"103",5766,1,"Lippe, Landkreis",168192,176935,345127,0.487333648193274,0.512666351806726,0.950586373527001,107427,149140,97441,0.311268025973048,0.432130780842994,41.3,3.9,7.6,26111,277.1,1199,0,0.00347408345333747
"104",5770,1,"Minden-Lübbecke, Landkreis",151501,157715,309216,0.489952007658077,0.510047992341923,0.960599816124021,95528,136049,85485,0.308936148194143,0.439980466728759,46.4,3.8,5.9,34510,268.4,1038,0,0.00335687674635206
"105",5774,2,"Paderborn, Landkreis",148994,150077,299071,0.498189393154134,0.501810606845866,0.992783704365093,103209,137135,68687,0.345098655503208,0.458536601676525,40.3,2.9,6.3,30755,238,891,0,0.00297922566882112
"106",5911,5,"Bochum, kreisfreie Stadt",174830,187046,361876,0.483121290165692,0.516878709834308,0.934689862386793,109198,163620,102581,0.301755297394688,0.452143828272668,46.2,4,10.1,29511,2483.4,1245,0,0.00344040500060794
"107",5913,4,"Dortmund, kreisfreie Stadt",284017,296494,580511,0.4892534336128,0.5107465663872,0.957918204078329,183653,263716,153276,0.316364375524323,0.454282520055606,43.8,6.3,12.8,33017,2051.7,1616,0,0.00278375431301043
"108",5914,1,"Hagen, kreisfreie Stadt",90494,96222,186716,0.484661196683734,0.515338803316266,0.94047099415934,55757,82601,53940,0.298619293472439,0.442388440197948,45.3,3.7,10.4,32684,1159.9,421,0,0.00225476124167184
"109",5915,1,"Hamm, kreisfreie Stadt",85993,90587,176580,0.486991731792955,0.513008268207045,0.949286321436851,56223,78038,47401,0.318399592252803,0.441941329708914,35.8,5.5,9.8,26077,777.5,493,0,0.0027919356665534
"110",5916,1,"Herne, kreisfreie Stadt",75026,79582,154608,0.485265962951464,0.514734037048536,0.942750873313061,45895,69270,44052,0.296847511124909,0.448036324122943,43.3,5.9,13.4,21066,3003.1,447,0,0.00289118286246507
"111",5954,1,"Ennepe-Ruhr-Kreis",155918,166998,322916,0.482843835548564,0.517156164451436,0.933651900022755,89563,144964,96814,0.277356959704691,0.448921700999641,47.8,4.3,7.4,27191,790.2,1075,0,0.0033290391309195
"112",5958,0,"Hochsauerlandkreis",129678,131883,261561,0.495784922064069,0.504215077935931,0.983280635108392,78614,116681,72775,0.300557040231533,0.446094792419359,42.5,3.8,5.2,31258,133.7,929,0,0.00355175274601336
"113",5962,6,"Märkischer Kreis",202565,211255,413820,0.489500265816055,0.510499734183945,0.958864878937777,124339,185520,114788,0.300466386351554,0.448310859794113,41.4,6.3,6.9,31558,392.3,1776,0,0.00429172103813252
"114",5966,0,"Olpe, Landkreis",67297,67462,134759,0.499387795991362,0.500612204008638,0.997554178648721,42143,62080,34143,0.312728648921408,0.460674240681513,44.6,5.5,4.5,34097,189.5,293,0,0.0021742518124949
"115",5970,0,"Siegen-Wittgenstein, Landkreis",135890,140019,275909,0.492517460467038,0.507482539532962,0.970511144916047,86666,122158,75589,0.314110811898126,0.442747427593881,46.1,3.2,5.8,35013,242.7,952,0,0.00345041299848863
"116",5974,2,"Soest, Landkreis",145985,150757,296742,0.491959345155051,0.50804065484495,0.968346411775241,90339,134088,79855,0.304436176880927,0.451867278646097,47.5,3.6,6.3,29485,222,963,0,0.00324524334270174
"117",5978,1,"Unna, Landkreis",189807,201967,391774,0.484480848652539,0.515519151347461,0.939792144261191,113155,176121,112191,0.288827232026628,0.449547443168766,47.5,5.2,9.3,25963,720.9,1309,0,0.0033412120253003
"118",6411,2,"Darmstadt, kreisfreie Stadt",76652,75227,151879,0.504691234469545,0.495308765530455,1.01894266686163,55570,68322,34514,0.365883367680851,0.449844942355428,57.7,2.3,6.7,54305,1226.5,130,0,0.000855944534794145
"119",6412,15,"Frankfurt am Main, kreisfreie Stadt",353801,363823,717624,0.49301723465213,0.50698276534787,0.972453638170209,232878,367997,149642,0.324512558108424,0.5127991817442,40.6,4.9,7.3,78877,2824.5,1135,0,0.00158160819593548
"120",6413,0,"Offenbach am Main, kreisfreie Stadt",59831,61157,120988,0.494520117697623,0.505479882302377,0.978318099318148,41473,56830,27285,0.34278606142758,0.469716004893047,37.3,6.2,11.3,31535,2655.4,178,0,0.00147122028630939
"121",6414,4,"Wiesbaden, kreisfreie Stadt",131364,143752,275116,0.477485860509749,0.522514139490251,0.913823807668763,86365,128519,69448,0.313922127393536,0.467144768025124,39.7,5.8,7.4,51664,1343,448,0,0.00162840401866849
"122",6431,2,"Bergstraße, Landkreis",129540,134282,263822,0.491012879896294,0.508987120103706,0.964686257279457,75516,120890,74108,0.286238448650984,0.458225621820773,45.2,2.6,4.3,27732,364.6,827,0,0.00313468929808735
"123",6432,0,"Darmstadt-Dieburg, Landkreis",142358,145608,287966,0.494356972698166,0.505643027301834,0.977679797813307,86618,133085,75973,0.300792454664787,0.46215525443976,33.2,4.9,4.8,22108,433.3,769,0,0.00267045415083725
"124",6433,1,"Groß-Gerau, Landkreis",129182,131611,260793,0.495343049851798,0.504656950148202,0.981544095858249,82122,121384,65240,0.314893421219128,0.465441940542883,30.1,4.6,6.1,32409,567.9,417,0,0.00159896929748881
"125",6434,6,"Hochtaunuskreis",111144,119654,230798,0.481563965025693,0.518436034974307,0.928878265666004,66325,104552,65164,0.287372507560724,0.453002192393348,46.4,3.1,4,45051,475.4,446,0,0.00193242575758889
"126",6435,2,"Main-Kinzig-Kreis",199637,207982,407619,0.489763725439688,0.510236274560312,0.959876335452106,121031,186666,111117,0.296921880481528,0.457942343217563,33.7,4.1,5.1,28050,289.8,976,0,0.00239439280308327
"127",6436,2,"Main-Taunus-Kreis",111786,118190,229976,0.486076808014749,0.513923191985251,0.945816058888231,67022,107195,61560,0.291430410129753,0.46611385535882,44.5,2.9,4.2,52323,1025.3,524,0,0.00227849862594358
"128",6437,0,"Odenwaldkreis",47417,48665,96082,0.493505547344976,0.506494452655024,0.974355286139936,28053,42327,28138,0.291969359505422,0.440529963989093,35.5,3.1,5.7,23357,154.2,61,0,0.000634874378135343
"129",6438,3,"Offenbach, Landkreis",167528,174141,341669,0.490322505114599,0.509677494885401,0.962025025697567,101040,157981,92246,0.295724809684227,0.462380256915319,41.5,3.5,5.4,30433,949.5,727,0,0.00212779034679763
"130",6439,1,"Rheingau-Taunus-Kreis",89152,92965,182117,0.489531455053619,0.510468544946381,0.958984564083257,51493,82469,52159,0.282746805624955,0.452835265241575,41.2,4.9,4.4,22598,223.3,436,0,0.00239406535359137
"131",6440,0,"Wetteraukreis",146206,151163,297369,0.491665237465909,0.508334762534091,0.967207583866422,88625,137076,79557,0.298030393215164,0.460962642373617,46.3,4.3,5.2,24249,268.4,824,0,0.00277096805652237
"132",6531,4,"Gießen, Landkreis",127749,132085,259834,0.491656211273351,0.508343788726649,0.967172653972821,89373,116036,64687,0.343961914145185,0.446577430205439,43,3.7,6.8,30723,297,1716,0,0.00660421653825134
"133",6532,2,"Lahn-Dill-Kreis",123306,128134,251440,0.490399300031817,0.509600699968183,0.962320695521876,75754,112664,69872,0.301280623608018,0.448075087496023,28.2,4,6,30181,235.7,819,0,0.00325723830734967
"134",6533,0,"Limburg-Weilburg, Landkreis",84245,86140,170385,0.494439064471638,0.505560935528362,0.978000928720687,51392,77371,46017,0.30162279543387,0.45409513748276,38.7,3.6,5.6,25194,230.2,532,0,0.00312234058162397
"135",6534,3,"Marburg-Biedenkopf, Landkreis",118073,123525,241598,0.488716794013195,0.511283205986805,0.955863185589962,82339,107398,60692,0.34080994047964,0.444531825594583,39.6,4.1,4.2,30020,191.4,652,0,0.00269869783690262
"136",6535,0,"Vogelsbergkreis",52477,53286,105763,0.496175411060579,0.503824588939421,0.984817775776001,28762,47113,32300,0.271947656552859,0.445458241540047,29.3,3.9,4.3,22776,72.9,320,0,0.0030256327827312
"137",6611,3,"Kassel, kreisfreie Stadt",94439,100308,194747,0.484931731939388,0.515068268060612,0.94149021015273,66047,87932,49213,0.339142579860023,0.451519150487556,44.1,6.6,9.8,43012,1817.6,437,0,0.00224393700544809
"138",6631,1,"Fulda, Landkreis",106883,110443,217326,0.491809539585692,0.508190460414308,0.967766178028485,68988,96981,57621,0.317440159023771,0.446246652494409,33,3.3,3.5,32765,156.7,596,0,0.00274242382411676
"139",6632,1,"Hersfeld-Rotenburg, Landkreis",59120,60274,119394,0.495167261336416,0.504832738663584,0.980854099611773,33663,52403,36387,0.281948841650334,0.438908152838501,23.3,3.5,4.9,29674,109.1,259,0,0.00216928823893998
"140",6633,1,"Kassel, Landkreis",114016,119435,233451,0.488393710029085,0.511606289970915,0.954628040356679,63220,103051,72579,0.270806293397758,0.441424538768307,32.5,3.3,5.1,24429,180.5,485,0,0.00207752376301665
"141",6634,1,"Schwalm-Eder-Kreis",89374,90092,179466,0.497999621098147,0.502000378901853,0.992030368956178,50922,80654,52342,0.28374176724282,0.449411030501599,39.9,5.2,5.2,25793,116.6,630,0,0.00351041422887901
"142",6635,0,"Waldeck-Frankenberg, Landkreis",77403,79057,156460,0.494714303975457,0.505285696024543,0.979078386480641,45292,69304,45596,0.289479739230474,0.442950274830628,31.2,4.9,4.9,29759,84.7,402,0,0.00256934679790362
"143",6636,0,"Werra-Meißner-Kreis",49020,51186,100206,0.489192263936291,0.510807736063709,0.957683741648107,26780,43369,32421,0.267249466099834,0.43279843522344,28.2,4.8,6.6,23509,97.9,224,0,0.00223539508612259
"144",7111,6,"Koblenz, kreisfreie Stadt",53731,57703,111434,0.482177791338371,0.517822208661629,0.93116475746495,35826,49615,30705,0.321499721808425,0.445241129278317,44.8,5.7,6.8,56011,1052.4,399,0,0.0035805947915358
"145",7131,1,"Ahrweiler, Landkreis",61804,64839,126643,0.488017498006206,0.511982501993794,0.953191751877728,35406,55585,38666,0.279573288693414,0.438910954415167,39.8,3.7,4.2,22206,160.2,218,0,0.00172137425676903
"146",7132,3,"Altenkirchen (Westerwald), Landkreis",63272,64956,128228,0.493433571450853,0.506566428549147,0.974074758297925,38448,56970,36077,0.299840908381945,0.444286739245719,28.4,3.9,5.5,24191,200,306,0,0.00238637427083008
"147",7133,1,"Bad Kreuznach, Landkreis",75807,80137,155944,0.486116811162982,0.513883188837018,0.945967530603841,45071,69448,45490,0.2890204175858,0.445339352588109,35.9,4.7,7.1,27148,179.8,330,0,0.00211614425691274
"148",7134,0,"Birkenfeld, Landkreis",39778,40813,80591,0.493578687446489,0.506421312553511,0.974640433195305,22495,35285,24857,0.279125460659379,0.437828045315234,26.8,3.7,6.9,25342,103.9,146,0,0.00181161668176347
"149",7135,0,"Cochem-Zell, Landkreis",30984,31057,62041,0.499411679373318,0.500588320626682,0.997649483208294,17580,27208,18710,0.283361003207556,0.438548701665028,17.2,8.1,3.9,25221,87.8,165,0,0.00265953160007092
"150",7137,2,"Mayen-Koblenz, Landkreis",103353,107088,210441,0.491125778721827,0.508874221278173,0.965122142536979,61465,96093,58644,0.29207711425055,0.456626798009894,23.1,6,4.8,26546,256.7,449,0,0.00213361464733583
"151",7138,1,"Neuwied, Landkreis",87875,91442,179317,0.490053926844638,0.509946073155362,0.960991666848931,53684,79286,50902,0.29938042684185,0.442155512305024,21.3,8.7,5.9,27152,286.3,436,0,0.0024314482174027
"152",7140,3,"Rhein-Hunsrück-Kreis",50460,51485,101945,0.494972779439894,0.505027220560106,0.980091288724871,29567,45795,29163,0.290028937172005,0.449212810829369,25.7,4.4,4.6,29741,104.6,186,0,0.00182451321791162
"153",7141,0,"Rhein-Lahn-Kreis",59830,61657,121487,0.492480676944858,0.507519323055142,0.970368328008174,34226,54183,36048,0.281725616732655,0.445998337270654,31.6,7.7,4.3,23264,155.1,257,0,0.00211545268217999
"154",7143,0,"Westerwaldkreis",98644,100487,199131,0.495372393047793,0.504627606952207,0.981659319115906,60034,91113,53241,0.301479930297141,0.457553068080811,21,6.1,4,30457,200.9,421,0,0.00211418613877297
"155",7211,4,"Trier, kreisfreie Stadt",52754,55718,108472,0.48633748801534,0.51366251198466,0.946803546430238,39966,49194,24794,0.368445313076186,0.453517958551516,41.7,4.6,5.6,38433,915.5,871,0,0.00802972195589645
"156",7231,0,"Bernkastel-Wittlich, Landkreis",55069,55912,110981,0.496202052603599,0.503797947396401,0.984922735727572,31990,49871,31897,0.288247537866842,0.449365206656995,25.2,5.7,3.9,28422,94.8,239,0,0.00215352177399735
"157",7232,0,"Eifelkreis Bitburg-Prüm",48151,48257,96408,0.49945025309103,0.50054974690897,0.997803427482023,29662,43804,25644,0.307671562525931,0.454360633972284,34.8,3.9,3.3,26791,59.1,264,0,0.00273836196166293
"158",7233,0,"Vulkaneifel, Landkreis",30261,30514,60775,0.497918552036199,0.502081447963801,0.991708723864456,17467,26271,18477,0.287404360345537,0.432266556972439,31.1,5,4.7,28495,66.7,145,0,0.00238584944467297
"159",7235,0,"Trier-Saarburg, Landkreis",71417,73810,145227,0.491761173886399,0.508238826113601,0.967578918845685,42906,67756,38316,0.295440930405503,0.466552362852638,25.9,7.4,3.6,17783,131,249,0,0.00171455721043608
"160",7311,0,"Frankenthal (Pfalz), kreisfreie Stadt",23101,24623,47724,0.484054144665158,0.515945855334842,0.938187873126751,14489,21158,13686,0.303599865895566,0.443340876707736,37.6,8.8,7.2,30852,1081.6,126,0,0.00264018104098567
"161",7312,1,"Kaiserslautern, kreisfreie Stadt",48751,48631,97382,0.500616130291019,0.499383869708981,1.00246756184327,33407,42039,25593,0.343051077201125,0.431691688402374,46,5,10.3,35599,695.4,153,0,0.00157113224209813
"162",7313,1,"Landau in der Pfalz, kreisfreie Stadt",20968,23497,44465,0.471561902620038,0.528438097379962,0.892369238626208,15066,20128,11099,0.338828291914989,0.452670639829079,43.9,5.6,5.2,37501,528.3,107,0,0.00240638704599123
"163",7314,2,"Ludwigshafen am Rhein, kreisfreie Stadt",81120,82712,163832,0.49514136432443,0.50485863567557,0.980752490569688,53821,74679,40968,0.328513355144294,0.455826700522486,35.9,9,9.1,70052,2082.8,538,0,0.00328385175057376
"164",7315,5,"Mainz, kreisfreie Stadt",100009,106982,206991,0.483156272494939,0.516843727505061,0.934820810977548,73509,97504,47233,0.355131382523878,0.471054297046732,49.5,1.8,6.4,47196,2089.9,410,0,0.00198076244860888
"165",7316,1,"Neustadt an der Weinstraße, kreisfreie Stadt",25448,27116,52564,0.48413362757781,0.51586637242219,0.938486502433987,14994,23285,15784,0.285252263906856,0.442983791187885,53,7,5.6,26897,447.5,116,0,0.00220683357430941
"166",7317,0,"Pirmasens, kreisfreie Stadt",19329,20717,40046,0.482669929580982,0.517330070419018,0.933001882511947,11129,16999,12994,0.277905408779903,0.424486840133846,40.4,6.7,13.1,34640,653.4,155,0,0.00387054886880088
"167",7318,1,"Speyer, kreisfreie Stadt",23964,25891,49855,0.480673954467957,0.519326045532043,0.925572592792862,14653,22491,14112,0.293912345802828,0.451128271988767,51.3,2.5,6.4,43454,1167.6,101,0,0.00202587503760907
"168",7319,1,"Worms, kreisfreie Stadt",39539,41471,81010,0.488075546228861,0.511924453771139,0.953413228521135,26029,36482,21111,0.321306011603506,0.450339464263671,36.2,4.1,8.4,31172,738.5,145,0,0.00178990248117516
"169",7320,0,"Zweibrücken, kreisfreie Stadt",16695,17316,34011,0.490870600688013,0.509129399311987,0.964137214137214,10155,14888,10029,0.298579871218135,0.43774073093999,43.1,5.1,7.8,36956,482.5,97,0,0.00285201846461439
"170",7331,1,"Alzey-Worms, Landkreis",62604,63394,125998,0.496865029603644,0.503134970396355,0.987538252831498,37980,59028,32284,0.301433356085017,0.468483626724234,31,4.4,4.4,21959,212.9,298,0,0.00236511690661757
"171",7332,1,"Bad Dürkheim, Landkreis",64319,67211,131530,0.489006310347449,0.510993689652551,0.956971329097915,35678,59137,39701,0.271253706378773,0.449608454345016,30.6,7.4,4.1,19678,220.3,339,0,0.00257735877746522
"172",7333,1,"Donnersbergkreis",36957,38005,74962,0.493009791627758,0.506990208372242,0.972424680963031,22086,34157,20509,0.29462927883461,0.455657533150129,26.4,5.9,5.5,23123,116.5,228,0,0.00304154104746405
"173",7334,1,"Germersheim, Landkreis",62734,63532,126266,0.496840004435081,0.503159995564919,0.987439400617012,39329,58941,31660,0.311477357325012,0.466800247097398,27.3,4,4.5,31431,270.7,288,0,0.00228089905437727
"174",7335,0,"Kaiserslautern, Landkreis",51082,53206,104288,0.489816661552623,0.510183338447377,0.960079690260497,31078,47018,28950,0.298001687634244,0.450847652654188,26.7,6.3,5.7,19178,162.7,308,0,0.00295335992635778
"175",7336,0,"Kusel, Landkreis",35084,35799,70883,0.494956477575723,0.505043522424277,0.980027375066343,19709,31573,21351,0.278049743944246,0.445424149655065,19.4,3.7,4.9,15711,124,161,0,0.0022713485603036
"176",7337,0,"Südliche Weinstraße, Landkreis",54155,55580,109735,0.493507085250832,0.506492914749168,0.974361281036344,31041,49758,31600,0.282872374356404,0.453437827493507,34.1,4.9,4.1,21265,170.4,234,0,0.00213240989656901
"177",7338,1,"Rhein-Pfalz-Kreis",73542,76509,150051,0.490113361457105,0.509886638542895,0.961220248598204,42171,68442,43067,0.281044444888738,0.45612491752804,13.9,3.9,3.6,16115,488.8,210,0,0.00139952416178499
"178",7339,0,"Mainz-Bingen, Landkreis",100368,104146,204514,0.490763468515603,0.509236531484397,0.963724002842164,60116,95937,53418,0.29394564675279,0.469097470099846,38.7,4.2,4.1,28509,335.7,274,0,0.00133976158111425
"179",7340,0,"Südwestpfalz, Landkreis",47535,48875,96410,0.493050513432217,0.506949486567783,0.972583120204604,25688,43074,29887,0.266445389482419,0.446779379732393,15.2,2.3,4.7,14998,101.3,203,0,0.00210559070635826
"180",8111,6,"Stuttgart, kreisfreie Stadt",303517,308924,612441,0.495585697234509,0.504414302765491,0.98249731325504,203409,294961,142079,0.332128319299328,0.481615371929704,40.2,4.5,5.7,64337,2914.4,1487,0,0.0024279889817958
"181",8115,5,"Böblingen, Landkreis",184903,189376,374279,0.494024511126726,0.505975488873274,0.97638032274417,117720,172630,95175,0.314524726206921,0.461233464875133,29.8,3.9,3.5,45956,599.5,733,0,0.0019584320787434
"182",8116,8,"Esslingen, Landkreis",255148,261631,516779,0.493727492796727,0.506272507203273,0.975220826278232,160771,237143,134051,0.311102037815004,0.458886680766827,30.7,3.9,3.5,34063,798.6,1424,0,0.00275552992671916
"183",8117,1,"Göppingen, Landkreis",123674,126443,250117,0.494464590571612,0.505535409428387,0.978100804314988,76506,111921,68474,0.305880847763247,0.447474581895673,24.9,4.6,4.1,29457,387.3,639,0,0.00255480435156347
"184",8118,2,"Ludwigsburg, Landkreis",259669,266708,526377,0.493313727613479,0.506686272386521,0.973607840784678,164973,244685,132762,0.313412250155307,0.464847438242932,29.2,4.7,3.7,35363,759.5,1218,0,0.00231393088983751
"185",8119,7,"Rems-Murr-Kreis",203528,210488,414016,0.49159452774772,0.50840547225228,0.966933981984721,126763,188103,110308,0.306178988251662,0.454337513526047,25.7,5.2,3.9,28784,479,1028,0,0.00248299582624826
"186",8121,0,"Heilbronn, kreisfreie Stadt",59467,60374,119841,0.496215819293898,0.503784180706102,0.984976976844337,39519,53550,30776,0.329761934563296,0.446842065737102,27.8,3.6,6.3,43239,1182.6,146,0,0.00121828088884439
"187",8125,4,"Heilbronn, Landkreis",163904,165346,329250,0.497810174639332,0.502189825360668,0.991278893955705,104132,152890,81453,0.316270311313592,0.464358390280942,22.1,4.1,3.5,43788,296.4,634,0,0.00192558845861807
"188",8126,1,"Hohenlohekreis",54551,54265,108816,0.50131414497868,0.49868585502132,1.00527043213858,35355,49651,26947,0.324906263784738,0.456284002352595,21.3,4.3,3,41284,138.9,212,0,0.00194824290545508
"189",8127,1,"Schwäbisch Hall, Landkreis",94451,94523,188974,0.499809497602845,0.500190502397155,0.999238280630111,61253,86492,46790,0.324134537026258,0.457692592631791,22.9,4.5,3.5,34736,126.5,394,0,0.00208494290219819
"190",8128,1,"Main-Tauber-Kreis",64382,65917,130299,0.494109701532629,0.505890298467371,0.976713139250876,38973,57821,37009,0.29910436764672,0.443756283624587,21.9,4,3.5,34271,99.6,231,0,0.00177284553219902
"191",8135,0,"Heidenheim, Landkreis",63850,65044,128894,0.495368287119649,0.504631712880351,0.981643195375438,39714,56603,35994,0.308113643769299,0.439143792573743,25.4,4.2,5.4,30942,204,324,0,0.00251369342250221
"192",8136,0,"Ostalbkreis",152784,155421,308205,0.495722003212148,0.504277996787852,0.983033180844287,98754,137985,80019,0.320416605830535,0.447705261108678,26.6,3.9,3.5,35647,203.1,785,0,0.00254700605116724
"193",8211,1,"Baden-Baden, kreisfreie Stadt",25159,28183,53342,0.471654606126504,0.528345393873496,0.89270127381755,13788,23167,17725,0.258482996513067,0.434310674515391,45.6,4.9,5.6,50881,378.1,129,0,0.00241835701698474
"194",8212,6,"Karlsruhe, kreisfreie Stadt",150925,149126,300051,0.502997823703304,0.497002176296696,1.01206362404946,102181,138551,71538,0.34054544060843,0.461758167778144,41.4,5.9,5.5,52501,1724.3,128,0,0.000426594145661904
"195",8215,2,"Karlsruhe, Landkreis",213248,218067,431315,0.494413595631963,0.505586404368037,0.977901287219066,129574,197908,115511,0.300416169157113,0.458847941759503,27,3.7,3.3,31988,395.6,886,0,0.00205418313761404
"196",8216,0,"Rastatt, Landkreis",110905,113782,224687,0.493597760440079,0.506402239559921,0.974714805505264,66419,102733,61454,0.295606777428156,0.457227164900506,23.1,5.8,3.5,35220,302.3,252,0,0.0011215602148767
"197",8221,3,"Heidelberg, kreisfreie Stadt",74015,80700,154715,0.478395759945707,0.521604240054293,0.917162329615861,58787,72556,32468,0.379969621562227,0.468965517241379,55.2,1.6,5.4,45397,1397.7,465,0,0.00300552629027567
"198",8222,6,"Mannheim, kreisfreie Stadt",148515,151329,299844,0.495307559931164,0.504692440068836,0.981404753880618,99947,139315,72870,0.333329998265765,0.46462493830125,33.3,5.8,6.1,49475,2046.7,512,0,0.0017075545950561
"199",8225,2,"Neckar-Odenwald-Kreis",70574,71077,141651,0.498224509533995,0.501775490466004,0.992923167832069,42801,63866,38671,0.302158121015736,0.450868684301558,25.4,4.8,3.9,27965,125.7,352,0,0.00248498069198241
"200",8226,11,"Rhein-Neckar-Kreis",261056,273673,534729,0.488202435252249,0.511797564747751,0.953897534649015,160294,245366,144077,0.299766797761109,0.458860469508854,29.7,4.6,4.5,26878,500.1,688,0,0.0012866330421578
"201",8231,0,"Pforzheim, kreisfreie Stadt",58088,61203,119291,0.48694369231543,0.51305630768457,0.949103802101204,39577,52175,31554,0.331768532412336,0.437375828855488,31.1,5,7.6,38791,1201.6,408,0,0.00342020772732226
"202",8235,0,"Calw, Landkreis",75897,76869,152766,0.496818663838812,0.503181336161188,0.987355110642782,47606,68368,40779,0.311626932694448,0.447534137177121,23.3,4.1,4.1,25214,189.9,418,0,0.0027362109369886
"203",8236,1,"Enzkreis",95631,98097,193728,0.493635406342914,0.506364593657086,0.974861616563198,59069,87797,51816,0.304906879748926,0.453197266270235,20.3,4.3,2.8,25925,336.1,411,0,0.00212153121902874
"204",8237,1,"Freudenstadt, Landkreis",56951,58196,115147,0.494593866970047,0.505406133029953,0.978606777098082,36222,51875,30141,0.314571808210375,0.450511085829418,19.4,5.9,3.7,32202,131.8,260,0,0.00225798327355467
"205",8311,6,"Freiburg im Breisgau, kreisfreie Stadt",105262,116941,222203,0.473719976777991,0.526280023222009,0.900129124943347,84644,102769,46782,0.380930950527221,0.462500506293794,44.3,5.2,6,39746,1439.2,940,0,0.00423036592665266
"206",8315,1,"Breisgau-Hochschwarzwald, Landkreis",123695,129054,252749,0.489398573288124,0.510601426711876,0.95847474700513,77849,112465,69123,0.308009131589047,0.44496714131411,29.1,3.7,3.4,25448,181.5,641,0,0.00253611290252385
"207",8316,4,"Emmendingen, Landkreis",78403,81305,159708,0.49091466927142,0.50908533072858,0.964307238177234,49004,72806,42077,0.306834973827235,0.455869461767726,17.9,5.8,3.3,25905,232.7,390,0,0.0024419565707416
"208",8317,2,"Ortenaukreis",205634,210005,415639,0.494741831252601,0.505258168747399,0.979186209852146,130272,186797,110192,0.313425833475684,0.449421252577357,26.9,4.1,3.6,34503,223,914,0,0.00219902367198458
"209",8325,1,"Rottweil, Landkreis",67390,68522,135912,0.495835540643946,0.504164459356054,0.983479758325793,42598,60483,36520,0.313423391606334,0.445015892636412,25.5,3.9,2.9,35396,175.9,355,0,0.00261198422508682
"210",8326,2,"Schwarzwald-Baar-Kreis",101520,104596,206116,0.492538182382736,0.507461817617264,0.970591609621783,63857,90157,58075,0.309810980224728,0.437409031807332,22.1,6.2,3.7,33034,200,538,0,0.00261018067495973
"211",8327,0,"Tuttlingen, Landkreis",67130,67477,134607,0.498711062574755,0.501288937425245,0.994857507002386,44218,60196,34193,0.328497032100857,0.447198139769849,20.5,4.6,2.8,40665,181.4,136,0,0.00101034864457272
"212",8335,6,"Konstanz, Landkreis",133555,142230,275785,0.484272168537085,0.515727831462915,0.939007241791465,90158,121703,72740,0.326914081621553,0.441296662255018,26.8,3.7,4.2,27556,334.3,570,0,0.00206682741991044
"213",8336,5,"Lörrach, Landkreis",109113,114579,223692,0.487782307816104,0.512217692183896,0.952294923153457,70048,102490,57586,0.313144859896644,0.458174632977487,25.1,3.1,3.5,28896,275.1,441,0,0.001971460758543
"214",8337,3,"Waldshut, Landkreis",81296,83915,165211,0.492073772327508,0.507926227672492,0.968789846868855,52154,73249,44425,0.315681159244844,0.443366361803996,22.2,4.6,3,26652,145.2,367,0,0.00222140172264559
"215",8415,4,"Reutlingen, Landkreis",136659,141372,278031,0.491524326424032,0.508475673575968,0.966662422544776,87686,125782,72712,0.315382097679755,0.452402789616985,27.1,4.9,3.8,33204,268.5,644,0,0.00231628847142945
"216",8416,2,"Tübingen, Landkreis",106280,112075,218355,0.486730324471617,0.513269675528383,0.948293553424046,79968,99377,47902,0.366229305488768,0.455116667811591,38,5.4,3.3,27880,417.1,639,0,0.00292642714845092
"217",8417,1,"Zollernalbkreis",92032,94328,186360,0.493839879802533,0.506160120197467,0.975659401238233,56761,82965,51558,0.304577162481219,0.445186735350934,19.4,4.5,4.1,30356,201.2,470,0,0.00252200042927667
"218",8421,1,"Ulm, kreisfreie Stadt",59216,61498,120714,0.490547906622264,0.509452093377736,0.962893102214706,41601,55202,28987,0.344624484318306,0.457295756913034,41.8,4.7,4.7,60321,1004.4,163,0,0.00135029905396226
"219",8425,1,"Alb-Donau-Kreis",94785,94344,189129,0.501165870913504,0.498834129086496,1.00467438310862,62133,85660,46565,0.328521802579192,0.452918378461262,18.4,4.6,2.8,25529,138.3,462,0,0.00244277715210253
"220",8426,2,"Biberach, Landkreis",95049,95389,190438,0.499107321017864,0.500892678982136,0.996435647716194,63254,86862,45736,0.332150096094267,0.456116951448765,21.1,4.4,2.6,40994,133.9,438,0,0.00229996114220901
"221",8435,2,"Bodenseekreis",102728,106658,209386,0.490615418413839,0.509384581586161,0.963153256202066,63339,93291,58656,0.30249873439485,0.445545547457805,25.7,6,2.8,39554,312,469,0,0.00223988232260036
"222",8436,3,"Ravensburg, Landkreis",136115,139224,275339,0.494354232418945,0.505645767581055,0.977669080043671,90870,123882,68718,0.330029527237333,0.449925364732203,22.2,5.3,2.9,35743,167.6,668,0,0.00242610018922129
"223",8437,1,"Sigmaringen, Landkreis",63428,64288,127716,0.49663315481224,0.50336684518776,0.986622697859632,41522,56912,32733,0.325111967177174,0.445613705408876,27.9,5.7,3.7,30283,105.5,139,0,0.00108835228162486
"224",9161,1,"Ingolstadt, kreisfreie Stadt",65928,65074,131002,0.503259492221493,0.496740507778507,1.01312352091465,42886,61370,31663,0.327369047800797,0.468466130288087,32.8,4.4,3.6,101016,968.3,263,0,0.00200760293735973
"225",9162,23,"München, kreisfreie Stadt",694949,734635,1429584,0.486119738329472,0.513880261670528,0.945978615230693,460176,713358,324423,0.321895040795084,0.498996910989491,32.8,6,5.2,60084,4530.6,2846,0,0.00199078892880726
"226",9163,1,"Rosenheim, kreisfreie Stadt",29693,31196,60889,0.487657869237465,0.512342130762535,0.951820746249519,19552,27949,15656,0.321108903085943,0.459015585737982,32.7,6.2,5.1,40831,1624.5,135,0,0.00221714923877876
"227",9171,1,"Altötting, Landkreis",52765,54700,107465,0.490997068813102,0.509002931186898,0.964625228519196,32313,48196,29753,0.300683943609547,0.448480900758386,23.2,3.2,3.5,44405,187.9,231,0,0.00214953705857721
"228",9172,0,"Berchtesgadener Land, Landkreis",50320,52656,102976,0.488657551274083,0.511342448725917,0.955636584624734,30911,44914,30226,0.300176740211311,0.436159881914232,22.1,4.6,4.2,25996,121.9,196,0,0.00190335612181479
"229",9173,1,"Bad Tölz-Wolfratshausen, Landkreis",60494,62846,123340,0.490465380249716,0.509534619750284,0.96257518378258,37549,55951,33178,0.304434895411059,0.453632236095346,30,2.2,2.8,24990,109.9,182,0,0.00147559591373439
"230",9174,7,"Dachau, Landkreis",72617,73662,146279,0.496428058709726,0.503571941290274,0.985813580950829,46485,69867,34201,0.31778314043711,0.477628367708283,25.4,5,2.4,23058,249.3,255,0,0.00174324407467921
"231",9175,3,"Ebersberg, Landkreis",66840,68033,134873,0.495577320887057,0.504422679112943,0.982464392280217,42920,63282,32152,0.318225293424184,0.469196948240196,35.6,5.7,2.4,24243,242.1,190,0,0.00140873265961312
"232",9176,3,"Eichstätt, Landkreis",64170,63019,127189,0.504524762361525,0.495475237638475,1.01826433297894,42869,59221,28855,0.337049587621571,0.465614164746951,21.7,1.7,1.4,25941,103.7,41,0,0.000322354920629929
"233",9177,2,"Erding, Landkreis",66068,65771,131839,0.501126373834753,0.498873626165247,1.00451566799957,43210,63935,28464,0.327748238381663,0.484947549662846,23.6,2.8,2.1,25316,149.6,275,0,0.0020858774717648
"234",9178,2,"Freising, Landkreis",86129,84228,170357,0.505579459605417,0.494420540394583,1.02256969178895,58196,82853,35082,0.341612026509037,0.486349254800214,24.3,3.7,2.4,37782,211.3,296,0,0.00173752766249699
"235",9179,12,"Fürstenfeldbruck, Landkreis",102363,107915,210278,0.486798428746707,0.513201571253293,0.948552101190752,63569,95606,56777,0.302309323847478,0.454664777104595,39.3,2.7,3.2,21098,479,320,0,0.00152179495715196
"236",9180,0,"Garmisch-Partenkirchen, Landkreis",41509,44422,85931,0.483050354354075,0.516949645645925,0.934424384314078,24381,36961,26806,0.283727641945282,0.430124169391721,36.8,2.2,3.7,24123,84.4,201,0,0.00233908601086919
"237",9181,2,"Landsberg am Lech, Landkreis",57718,58400,116118,0.497063332127663,0.502936667872337,0.988321917808219,36791,53362,28814,0.316841488830328,0.459549768339103,26.4,5.4,3,26530,142.9,245,0,0.00210992266487539
"238",9182,1,"Miesbach, Landkreis",47043,49730,96773,0.486116995442944,0.513883004557056,0.945968228433541,28639,43533,27129,0.295939983259794,0.449846548107427,19.9,3,2.9,28219,110.9,206,0,0.00212869292054602
"239",9183,0,"Mühldorf am Inn, Landkreis",55271,55025,110296,0.501115180967578,0.498884819032422,1.00447069513857,34637,50297,28361,0.314036773772394,0.456018350620149,20.7,5,4,27988,135.6,194,0,0.00175890331471676
"240",9184,11,"München, Landkreis",163828,168972,332800,0.492271634615385,0.507728365384615,0.969557086381175,103024,152767,85987,0.309567307692308,0.459035456730769,48.3,3.4,3,85673,496.8,503,0,0.00151141826923077
"241",9185,2,"Neuburg-Schrobenhausen, Landkreis",46885,46620,93505,0.501417036522111,0.498582963477889,1.00568425568426,30005,43400,22722,0.320891930912785,0.464146302336773,20.1,3.6,2.2,30623,125.3,476,0,0.00509063686433881
"242",9186,3,"Pfaffenhofen an der Ilm, Landkreis",61528,60066,121594,0.506011809793246,0.493988190206754,1.0243398927846,38867,57911,28279,0.319645706202609,0.476265276247183,23.6,6.3,2.1,33248,157.6,234,0,0.0019244370610392
"243",9187,1,"Rosenheim, Landkreis",124145,127705,251850,0.492932300972801,0.507067699027199,0.972123252809209,78409,113504,66553,0.311332142148104,0.450680960889418,21.2,4.3,2.8,26661,173.5,379,0,0.00150486400635299
"244",9188,3,"Starnberg, Landkreis",63486,68387,131873,0.48141772766222,0.51858227233778,0.928334332548584,39085,58250,37466,0.296383641837222,0.441712860100248,45.3,3.5,3,35246,268.2,212,0,0.00160760731916313
"245",9189,1,"Traunstein, Landkreis",84222,87756,171978,0.48972542999686,0.51027457000314,0.9597292492821,51839,75592,49089,0.301428089639372,0.439544592913047,23.9,3.9,3.1,33485,111.1,376,0,0.00218632615799695
"246",9190,1,"Weilheim-Schongau, Landkreis",64721,66469,131190,0.493337906852656,0.506662093147344,0.973702026508598,40435,58715,35337,0.308217089717204,0.447556978428234,24.7,3.6,2.9,30944,134.9,192,0,0.00146352618339812
"247",9261,0,"Landshut, kreisfreie Stadt",32418,35091,67509,0.480202639648047,0.519797360351953,0.923826622210823,20867,30877,18273,0.309099527470411,0.457376053563229,31.5,3.2,5,49440,1005.6,176,0,0.00260705979943415
"248",9262,2,"Passau, kreisfreie Stadt",23529,26423,49952,0.471032190903267,0.528967809096733,0.890474208076297,17219,21147,13844,0.344710922485586,0.423346412556054,30.8,3.7,5.2,56904,710.9,177,0,0.00354340166559898
"249",9263,0,"Straubing, kreisfreie Stadt",22951,23076,46027,0.49864210137528,0.50135789862472,0.994583116658,13563,21334,12734,0.294674864753297,0.463510548156517,36.4,5,5.8,45890,673.3,122,0,0.00265061811545397
"250",9271,0,"Deggendorf, Landkreis",57305,58394,115699,0.495293822764242,0.504706177235758,0.981350823714765,35531,53461,30034,0.307098592036232,0.462069680809687,23,3.6,3.1,31748,134,229,0,0.00197927380530515
"251",9272,0,"Freyung-Grafenau, Landkreis",38725,39202,77927,0.496939443325163,0.503060556674837,0.987832253456456,23101,35521,21328,0.296444107947181,0.455824040448112,23.5,3,3.9,22681,78.9,139,0,0.00178372066164487
"252",9273,0,"Kelheim, Landkreis",58626,57869,116495,0.50324906648354,0.49675093351646,1.01308126976447,37618,54173,27969,0.322915146572814,0.46502424996781,25,3.8,2.8,28072,108.1,175,0,0.00150221039529594
"253",9274,1,"Landshut, Landkreis",76640,75179,151819,0.504811650715655,0.495188349284345,1.01943361843068,48086,71390,36278,0.316732424795315,0.470230998755097,12.3,3.2,2.7,30129,111.5,298,0,0.00196286367318979
"254",9275,2,"Passau, Landkreis",91816,94468,186284,0.492881836335917,0.507118163664083,0.971927001736038,55129,84811,51277,0.2959406068154,0.455277962680638,20.4,3.4,3.7,26604,121.3,348,0,0.00186811535075476
"255",9276,0,"Regen, Landkreis",37858,38407,76265,0.496400708057431,0.503599291942569,0.98570573072617,22245,34517,21539,0.291680325181931,0.452592932537861,16.5,3.3,3.7,25829,78.2,107,0,0.0014030026879958
"256",9277,0,"Rottal-Inn, Landkreis",58681,59483,118164,0.496606411428185,0.503393588571815,0.986517156162265,36281,53287,31759,0.307039369012559,0.45095799058935,20,3.9,3.5,27931,91.8,199,0,0.00168410006431739
"257",9278,0,"Straubing-Bogen, Landkreis",49036,48931,97967,0.500535894740066,0.499464105259934,1.00214587889068,30522,45577,24346,0.311553890595813,0.465228087008891,18.6,2,2.8,21328,81,152,0,0.00155154286647545
"258",9279,0,"Dingolfing-Landau, Landkreis",47826,45624,93450,0.511781701444623,0.488218298555377,1.04826407154129,29806,43402,22844,0.318951310861423,0.464440877474585,24.4,2.7,2.7,53545,105.5,177,0,0.00189406099518459
"259",9361,1,"Amberg, kreisfreie Stadt",20362,21173,41535,0.490237149392079,0.509762850607921,0.961696500259765,12150,18557,12109,0.292524377031419,0.446779824244613,33.5,6.8,5.9,45101,829.7,172,0,0.00414108583122668
"260",9362,4,"Regensburg, kreisfreie Stadt",68030,74262,142292,0.478101369015827,0.521898630984173,0.916080902749724,49863,67837,32277,0.350427290360667,0.476745003232789,37.5,4.7,4.4,73764,1738.2,279,0,0.00196075675371771
"261",9363,1,"Weiden in der Oberpfalz, kreisfreie Stadt",19883,21934,41817,0.475476480857068,0.524523519142932,0.90649220388438,12383,18643,12093,0.296123586101346,0.445823468924122,31.7,3.2,7.1,46905,591.5,130,0,0.00310878350909917
"262",9371,0,"Amberg-Sulzbach, Landkreis",51287,51758,103045,0.497714590712795,0.502285409287205,0.990899957494494,31128,47207,27478,0.302081614828473,0.458120238730652,10.8,2.5,3.2,22280,82.1,193,0,0.00187296812072396
"263",9372,0,"Cham, Landkreis",62739,63105,125844,0.498545818632593,0.501454181367407,0.994200142619444,37970,57741,33699,0.301722767871333,0.458829979975207,19.2,2,3.3,29967,82.6,226,0,0.00179587425701662
"264",9373,2,"Neumarkt in der Oberpfalz, Landkreis",64721,64254,128975,0.501810428377593,0.498189571622407,1.00726803000591,41104,59970,31399,0.318697421981004,0.464973832138011,22.6,2.5,2.2,31672,95.1,29,0,0.000224849777088583
"265",9374,0,"Neustadt an der Waldnaab, Landkreis",47239,47945,95184,0.496291393511515,0.503708606488485,0.985274794034832,29074,43713,24993,0.305450495881661,0.459247352496218,17.2,3.8,3.9,23989,66.9,241,0,0.00253193814086401
"266",9375,0,"Regensburg, Landkreis",93246,93959,187205,0.498095670521621,0.501904329478379,0.992411583775902,57732,88318,46035,0.308389199006437,0.471771587297348,13.7,2.8,2.4,20531,133.6,107,0,0.000571565930397158
"267",9376,0,"Schwandorf, Landkreis",71842,71772,143614,0.500243708830615,0.499756291169385,1.00097531070612,43579,66332,37675,0.303445346553957,0.461876975782305,24.8,2.5,3.3,31383,97.7,172,0,0.00119765482473854
"268",9377,0,"Tirschenreuth, Landkreis",36286,36964,73250,0.495372013651877,0.504627986348123,0.98165782923926,21356,32688,21001,0.291549488054608,0.446252559726962,14.5,3.8,4.5,28006,67.8,149,0,0.00203412969283276
"269",9461,1,"Bamberg, kreisfreie Stadt",33944,38008,71952,0.471758950411385,0.528241049588615,0.893075142075353,24315,32800,18457,0.337933622414943,0.455859461863465,55.4,3.1,5,54478,1302.9,209,0,0.00290471425394708
"270",9462,1,"Bayreuth, kreisfreie Stadt",34367,37234,71601,0.479979329897627,0.520020670102373,0.923000483429124,24999,29887,19725,0.349143168391503,0.417410371363528,42.8,3.9,6.1,53335,1069.8,274,0,0.00382676219605871
"271",9463,1,"Coburg, kreisfreie Stadt",19743,21319,41062,0.480809507573913,0.519190492426087,0.926075331863596,12316,18102,12021,0.299936681116361,0.440845550630753,36.2,5.3,5.8,70696,848.9,112,0,0.00272758267984998
"272",9464,0,"Hof, kreisfreie Stadt",21001,23324,44325,0.473795826283136,0.526204173716864,0.900403018350197,12701,19219,13835,0.286542583192329,0.433592780597857,34,6,6.9,40013,767.2,276,0,0.00622673434856176
"273",9471,0,"Bamberg, Landkreis",72229,72466,144695,0.499181035972217,0.500818964027783,0.996729500731377,45268,68559,34968,0.312851169701787,0.473817339921905,NA,3.1,3,21867,123.7,150,0,0.00103666332630706
"274",9472,2,"Bayreuth, Landkreis",51583,53032,104615,0.493074606891937,0.506925393108063,0.972676874340021,30274,47877,29054,0.289384887444439,0.457649476652488,11.6,3.5,3.7,18812,82.1,90,0,0.000860297280504708
"275",9473,0,"Coburg, Landkreis",42741,43974,86715,0.492890503373119,0.507109496626881,0.971960704052395,24530,39274,25131,0.282880701147437,0.452908954621461,19.6,5.7,4.1,23066,146.9,148,0,0.00170674047166004
"276",9474,2,"Forchheim, Landkreis",56312,57588,113900,0.494398595258999,0.505601404741001,0.977842606098493,34728,53146,29085,0.304899034240562,0.466602282704126,28.7,3.1,3,20556,176.5,182,0,0.00159789288849868
"277",9475,0,"Hof, Landkreis",46911,49697,96608,0.485580904272938,0.514419095727062,0.943940278085196,25719,42057,30945,0.26622018880424,0.435336618085459,22.7,4.3,4.1,27882,108.8,98,0,0.00101440874461742
"278",9476,0,"Kronach, Landkreis",33411,34587,67998,0.491352686843731,0.508647313156269,0.965998785670917,17938,31189,20464,0.26380187652578,0.458675255154563,27.3,4.2,4.4,28179,105.1,87,0,0.00127944939557046
"279",9477,0,"Kulmbach, Landkreis",35434,37107,72541,0.48846859017659,0.51153140982341,0.954914167138276,19666,32925,21669,0.271101859637998,0.453881253360169,28.2,8.6,4.9,29281,110.7,134,0,0.0018472312209647
"280",9478,0,"Lichtenfels, Landkreis",32690,33850,66540,0.491283438533213,0.508716561466787,0.965731166912851,19083,30318,18879,0.286789900811542,0.455635707844905,21.3,5.6,4.6,30996,128.2,159,0,0.00238954012623986
"281",9479,0,"Wunsiedel im Fichtelgebirge, Landkreis",35442,37961,73403,0.482841300764274,0.517158699235726,0.933642422486236,18825,31710,24488,0.256460907592333,0.431998692151547,26.5,5.5,5.4,28291,121.7,144,0,0.00196177267959075
"282",9561,0,"Ansbach, kreisfreie Stadt",19023,20987,40010,0.475456135966008,0.524543864033991,0.90641825892219,12221,18040,11063,0.30544863784054,0.450887278180455,39.6,2.9,5.1,49371,398.7,96,0,0.00239940014996251
"283",9562,2,"Erlangen, kreisfreie Stadt",52339,54084,106423,0.491801584244007,0.508198415755993,0.96773537460247,37305,48966,24947,0.350535128684589,0.460107307630869,49.9,3.8,4.1,72528,1372.6,142,0,0.00133429803707845
"284",9563,1,"Fürth, kreisfreie Stadt",59090,62429,121519,0.486261407681103,0.513738592318897,0.946515241314133,37470,59407,29100,0.308346842880537,0.488870053242703,28.9,7.9,6.7,30572,1891.2,252,0,0.0020737497839844
"285",9564,4,"Nürnberg, kreisfreie Stadt",241840,259232,501072,0.482645208672606,0.517354791327394,0.932909517343538,157288,232673,130809,0.313902991985184,0.46435043267235,29.8,7.5,7.6,45443,2676.8,1445,0,0.00288381709614586
"286",9565,0,"Schwabach, kreisfreie Stadt",19397,20544,39941,0.485641320948399,0.514358679051601,0.944168613707165,11955,18256,10953,0.299316491825443,0.457074184422022,37.2,4.7,4.2,30551,968.8,87,0,0.00217821286397436
"287",9571,1,"Ansbach, Landkreis",89477,89942,179419,0.4987041506195,0.5012958493805,0.994830001556559,56588,81649,46084,0.315395805349489,0.455074434703125,18.6,6.5,3.2,27166,90.7,435,0,0.00242449238932332
"288",9572,4,"Erlangen-Höchstadt, Landkreis",65958,66872,132830,0.496559512158398,0.503440487841602,0.986332097140806,40187,61855,34315,0.302544605887224,0.465670405781826,37.6,2.4,2.3,27606,233.8,173,0,0.00130241662275088
"289",9573,1,"Fürth, Landkreis",55127,58720,113847,0.484220049715847,0.515779950284153,0.938811307901907,31883,52417,32461,0.280051296916036,0.460416172582501,39.5,2.1,3.3,20427,372.3,1034,0,0.00908236492836877
"290",9574,3,"Nürnberger Land, Landkreis",81374,84544,165918,0.490447088320737,0.509552911679263,0.962504731264194,47353,75686,47046,0.285400016875806,0.456165093600453,29.3,6.4,3,27198,206.4,182,0,0.00109692739787124
"291",9575,1,"Neustadt an der Aisch-Bad Windsheim, Landkreis",48531,49277,97808,0.496186406019957,0.503813593980043,0.984861091381375,29823,44459,26077,0.304913708490103,0.454553819728448,23.8,5,2.5,24156,76.9,162,0,0.00165630623261901
"292",9576,1,"Roth, Landkreis",61301,62589,123890,0.494801840342239,0.505198159657761,0.979421304063014,37437,57101,32574,0.302179352651546,0.460900799095972,25.8,6.3,2.9,24842,137.9,240,0,0.00193720235692953
"293",9577,0,"Weißenburg-Gunzenhausen, Landkreis",45982,46536,92518,0.497005988023952,0.502994011976048,0.988095238095238,28117,41351,25548,0.303908428630104,0.446950863615729,26.8,2.6,3.4,26737,95.1,204,0,0.00220497632893059
"294",9661,0,"Aschaffenburg, kreisfreie Stadt",32679,35488,68167,0.479396188771693,0.520603811228307,0.920846483318305,20468,32030,18062,0.300262590402981,0.469875452931771,38.6,3.8,5.9,63455,1086,361,0,0.00529581762436369
"295",9662,0,"Schweinfurt, kreisfreie Stadt",24883,26727,51610,0.482135245107537,0.517864754892463,0.931006098701687,15539,21878,15831,0.301085061034683,0.423910094942841,37.2,5,6.2,85934,1452.4,188,0,0.00364270490215075
"296",9663,1,"Würzburg, kreisfreie Stadt",58556,65663,124219,0.471393265120473,0.528606734879527,0.891765530054978,44796,54911,31687,0.360621161014016,0.442049927949831,39.5,5.5,4.5,47294,1423,437,0,0.00351798034117164
"297",9671,2,"Aschaffenburg, Landkreis",85839,86937,172776,0.496822475343798,0.503177524656202,0.987370164601953,50982,80051,46250,0.295075704959022,0.463322452192434,21.2,4.8,3.2,27507,247.1,323,0,0.00186947261193684
"298",9672,0,"Bad Kissingen, Landkreis",50414,52487,102901,0.489927211591724,0.510072788408276,0.960504505877646,29032,45229,31192,0.282135256217141,0.439538974353991,27.1,1.7,3.8,26670,90.5,246,0,0.00239064732121165
"299",9673,0,"Rhön-Grabfeld, Landkreis",39464,40212,79676,0.495305989256489,0.504694010743511,0.981398587486323,23910,35673,22139,0.300090365982228,0.447725789447261,25.5,4.1,3.2,29556,78.3,142,0,0.00178221798283046
"300",9674,3,"Haßberge, Landkreis",42054,42098,84152,0.499738568304972,0.500261431695028,0.998954819706399,25640,38783,22012,0.304686757296321,0.460868428557848,22.5,3.2,3.5,26071,87.9,163,0,0.00193697119498051
"301",9675,0,"Kitzingen, Landkreis",44144,44348,88492,0.498847353433079,0.501152646566921,0.995400018039145,27133,40496,23300,0.306615287257605,0.457623287980834,34.8,3.9,3.2,27960,128.8,112,0,0.00126565113230575
"302",9676,1,"Miltenberg, Landkreis",63671,64270,127941,0.497659077230911,0.502340922769089,0.990679943986308,38829,58431,33986,0.303491453091659,0.456702698900274,21.5,3.3,3.3,28246,178.7,213,0,0.00166482988252398
"303",9677,0,"Main-Spessart, Landkreis",62644,63271,125915,0.497510225151888,0.502489774848112,0.990090246716505,36226,57167,35689,0.287702021204781,0.454012627566215,25.8,2.4,2.5,30716,95.6,211,0,0.00167573362982965
"304",9678,1,"Schweinfurt, Landkreis",56695,57052,113747,0.498430727843372,0.501569272156628,0.993742550655542,34212,51537,31095,0.300772767633432,0.453084476953238,NA,5.8,3,22458,134.3,141,0,0.00123959313212656
"305",9679,0,"Würzburg, Landkreis",78937,80316,159253,0.495670411232441,0.504329588767559,0.982830320235072,48192,72918,42545,0.302612823620277,0.457875204862703,15.3,3.9,2.7,22851,163.8,191,0,0.00119934946280447
"306",9761,4,"Augsburg, kreisfreie Stadt",137183,143928,281111,0.488002959684964,0.511997040315036,0.953136290367406,92243,129414,71380,0.328137283848729,0.460366189868059,32.7,4.6,6.7,43159,1883.3,852,0,0.0030308312374827
"307",9762,0,"Kaufbeuren, kreisfreie Stadt",20459,21555,42014,0.486956728709478,0.513043271290522,0.949153328694039,12645,18522,12083,0.300971104869805,0.440853048983672,29.2,5.1,5.8,32111,1043.2,104,0,0.00247536535440567
"308",9763,0,"Kempten (Allgäu), kreisfreie Stadt",32272,33352,65624,0.491771303181763,0.508228696818237,0.967618133845047,20597,28781,18464,0.313863830305986,0.438574302084603,23.2,6.7,4.9,48465,1027.9,101,0,0.00153907107155919
"309",9764,0,"Memmingen, kreisfreie Stadt",20675,21526,42201,0.489917300537902,0.510082699462098,0.960466412710211,13008,18872,11608,0.308239141252577,0.447193194474065,22.3,6.6,3.9,52633,595.6,77,0,0.0018246013127651
"310",9771,3,"Aichach-Friedberg, Landkreis",64241,65053,129294,0.496859869754204,0.503140130245796,0.987517870044425,40656,59962,32147,0.314446145992853,0.463764753198138,17.1,3.7,2.7,22985,164.6,263,0,0.00203412377991245
"311",9772,0,"Augsburg, Landkreis",120102,122595,242697,0.494863966180052,0.505136033819948,0.97966474978588,74821,111178,62965,0.308289760483236,0.458093837171452,19.2,5.7,3,25795,224.9,339,0,0.00139680342155033
"312",9773,1,"Dillingen an der Donau, Landkreis",46496,46982,93478,0.497400457861743,0.502599542138257,0.989655612787876,29712,42649,23678,0.317850189349366,0.456246389524808,25.6,4.2,2.4,28258,117.6,197,0,0.00210744774171463
"313",9774,0,"Günzburg, Landkreis",61102,60726,121828,0.501543159208064,0.498456840791936,1.00619174653361,38987,56116,30087,0.320016744919066,0.460616607019733,27.3,7.2,2.9,39637,158.3,211,0,0.00173194996224185
"314",9775,0,"Neu-Ulm, Landkreis",82821,85026,167847,0.493431517989598,0.506568482010402,0.97406675605109,52863,76976,43194,0.314947541511019,0.458608137172544,21.4,6.4,3.1,30336,323,284,0,0.00169201713465239
"315",9776,0,"Lindau (Bodensee), Landkreis",38908,40479,79387,0.490105432879439,0.509894567120561,0.961189752711282,23758,35260,22461,0.299268142139141,0.444153324851676,29,4.2,2.9,30683,244.1,151,0,0.0019020746469825
"316",9777,1,"Ostallgäu, Landkreis",67523,68371,135894,0.496879921114987,0.503120078885013,0.987597080633602,42712,60524,36141,0.314303795605398,0.44537654348242,17.6,3.6,2.8,30746,96.6,232,0,0.00170721297481861
"317",9778,0,"Unterallgäu, Landkreis",69448,69264,138712,0.500663244708461,0.499336755291539,1.0026565026565,43661,61883,36787,0.314760078435896,0.446125785800796,23.7,2.7,2.2,30482,111.8,196,0,0.00141299959628583
"318",9779,2,"Donau-Ries, Landkreis",65673,64530,130203,0.504389299785719,0.495610700214281,1.01771269177127,41503,59507,32819,0.318756096249702,0.457032480050383,19.3,3.4,2.1,41015,101.5,258,0,0.00198152116310684
"319",9780,1,"Oberallgäu, Landkreis",74109,76872,150981,0.490849842033104,0.509150157966896,0.964057133936934,44776,67241,42821,0.296567117716799,0.44536067452196,16.6,2.7,3.1,26252,98.5,246,0,0.00162934408965366
"320",10041,3,"Regionalverband Saarbrücken, Landkreis",158603,167001,325604,0.487103966781735,0.512896033218265,0.949712875970802,95181,145277,95483,0.292321347403595,0.446176951143106,33.6,6.2,9.8,39040,793.8,386,0,0.00118548912175526
"321",10042,1,"Merzig-Wadern, Landkreis",50624,52363,102987,0.491557186829406,0.508442813170594,0.966789526956057,28745,47471,29428,0.279112897744375,0.460941672249896,25.4,5.4,5.2,23365,185.8,25,0,0.00024274908483595
"322",10043,0,"Neunkirchen, Landkreis",64922,68099,133021,0.488058276512731,0.511941723487269,0.953347332559949,35479,60110,41014,0.266717285240676,0.451883537185858,24.7,5.4,8.2,23255,534.5,96,0,0.000721690560137121
"323",10044,3,"Saarlouis, Landkreis",95454,100178,195632,0.487926310624029,0.512073689375971,0.952843937790733,54014,87710,58989,0.276100024535863,0.448341784575121,32.6,3.5,6.1,29528,426.9,112,0,0.000572503475913961
"324",10045,2,"Saarpfalz-Kreis",69525,74007,143532,0.48438675696012,0.51561324303988,0.939438161255016,38755,63629,44883,0.270009475238971,0.443308809185408,32.9,4.5,5.7,34525,343.8,64,0,0.000445893598640025
"325",10046,0,"Sankt Wendel, Landkreis",43446,44813,88259,0.492255747289228,0.507744252710772,0.969495458907013,23340,39983,27109,0.264448951381729,0.453018955573936,33.7,4.9,4,24631,186,49,0,0.000555184173851958
"326",11000,40,"Berlin, kreisfreie Stadt",1696280,1773569,3469849,0.488862771838198,0.511137228161802,0.956421768761182,1090512,1668812,861712,0.314282264156164,0.480946577214167,NA,NA,NA,NA,NA,NA,1,NA
"327",12051,0,"Brandenburg an der Havel, kreisfreie Stadt",34898,36134,71032,0.491299695911702,0.508700304088298,0.965793989040792,17821,31490,24104,0.250886924203176,0.443321319968465,37.6,7.4,12.8,26511,309.2,145,1,0.00204133348350039
"328",12052,2,"Cottbus, kreisfreie Stadt",48890,50601,99491,0.491401232272266,0.508598767727734,0.966186439003182,27850,44101,31115,0.27992481732016,0.443266225085686,45.2,8.6,11,27162,603.1,143,1,0.00143731593812506
"329",12053,0,"Frankfurt (Oder), kreisfreie Stadt",27559,30090,57649,0.478048188173255,0.521951811826745,0.91588567630442,15242,25734,18551,0.264393137782095,0.446391090912245,41.5,6.8,13.1,31139,392.4,145,1,0.00251522142621728
"330",12054,4,"Potsdam, kreisfreie Stadt",78736,85306,164042,0.479974640640812,0.520025359359188,0.922983143038004,51690,78038,41638,0.315102229916729,0.475719632776972,55,4.2,7.3,34874,857.7,175,1,0.0010667999658624
"331",12060,3,"Barnim, Landkreis",86510,88471,174981,0.494396534480886,0.505603465519114,0.97783454465305,43261,83553,52571,0.247232556677582,0.477497556877604,37.3,7.1,8.6,17009,117.4,368,1,0.00210308547785188
"332",12061,3,"Dahme-Spreewald, Landkreis",80089,81863,161952,0.494523068563525,0.505476931436475,0.978329648314868,40221,76392,49357,0.248351363366924,0.471695317131002,37.5,7.1,6.8,31075,70.7,376,1,0.00232167555819008
"333",12062,1,"Elbe-Elster, Landkreis",51814,53183,104997,0.493480766117127,0.506519233882873,0.974258691687193,23365,47918,36118,0.222530167528596,0.45637494404602,32.1,8.6,11.4,19876,55.9,177,1,0.00168576245035572
"334",12063,2,"Havelland, Landkreis",76790,78618,155408,0.494118706887676,0.505881293112324,0.976748327355059,40964,73950,44216,0.263590033975085,0.475844229383301,42,7.3,8.5,16625,89.1,249,1,0.00160223411922166
"335",12064,1,"Märkisch-Oderland, Landkreis",93393,95029,188422,0.495658681045738,0.504341318954262,0.982784202717065,45127,91051,56816,0.239499633800724,0.483229134602117,30.6,8.7,9.1,16433,86.9,369,1,0.00195837004171487
"336",12065,2,"Oberhavel, Landkreis",100914,103984,204898,0.492508467627795,0.507491532372205,0.970476227111863,52897,98152,58891,0.258162597975578,0.479028589834942,35.4,6.9,8.3,21515,112.3,348,1,0.0016984060361741
"337",12066,2,"Oberspreewald-Lausitz, Landkreis",55356,57540,112896,0.490327380952381,0.509672619047619,0.962043795620438,25517,50605,39637,0.226022179705215,0.448244401927438,29.2,8.9,12.5,19713,93.1,248,1,0.00219671201814059
"338",12067,1,"Oder-Spree, Landkreis",87634,90189,177823,0.492815889957992,0.507184110042008,0.971670602845136,42618,81841,57777,0.239665285143092,0.460238551818381,33.6,10.1,9,19920,78.4,1337,1,0.00751871242752625
"339",12068,1,"Ostprignitz-Ruppin, Landkreis",49140,49746,98886,0.496935865542139,0.503064134457861,0.987818116029429,23844,46500,31111,0.241126145258176,0.470238456404344,31.8,8.7,9.7,20949,39.2,230,1,0.00232591064458063
"340",12069,1,"Potsdam-Mittelmark, Landkreis",102720,104778,207498,0.495040916057022,0.504959083942978,0.980358472198362,53769,99810,58480,0.259130208483937,0.481016684498164,42.2,5.5,6.3,18772,79.3,349,1,0.00168194392235106
"341",12070,0,"Prignitz, Landkreis",38325,39225,77550,0.494197292069632,0.505802707930368,0.977055449330784,17625,34716,27040,0.227272727272727,0.447659574468085,33.2,12.2,12,20823,36.5,186,1,0.00239845261121857
"342",12071,0,"Spree-Neiße, Landkreis",58146,59884,118030,0.492637465051258,0.507362534948742,0.970977222630419,25556,54788,40196,0.216521223417775,0.464187071083623,32.1,8.4,10.3,33868,71.7,257,1,0.00217741252224011
"343",12072,0,"Teltow-Fläming, Landkreis",80281,81207,161488,0.497132913900723,0.502867086099277,0.98859704212691,42125,77513,46280,0.260855295749529,0.479992321410879,35.6,9.5,7.3,25453,76.3,303,1,0.00187630040622213
"344",12073,0,"Uckermark, Landkreis",59260,61569,120829,0.490445174585571,0.509554825414429,0.96249736068476,28019,54788,40886,0.231889695354592,0.453434192122752,28.9,11.8,15.4,22793,39.4,255,1,0.00211042051163214
"345",13003,4,"Rostock, kreisfreie Stadt",99893,104274,204167,0.489271037924836,0.510728962075164,0.957985691543434,63894,89631,60244,0.312949693143358,0.439008262843653,43.4,13.1,10.9,30496,1122.3,480,1,0.00235101656976887
"346",13004,4,"Schwerin, kreisfreie Stadt",43824,48314,92138,0.475634374525169,0.524365625474831,0.907066274785776,25094,40146,29992,0.272352341053637,0.435715991230545,43.5,14.2,11.2,31432,701.7,129,1,0.00140007380233997
"347",13072,1,"Rostock, Landkreis",105748,106130,211878,0.499098537837812,0.500901462162188,0.996400640723641,52478,101252,63289,0.247680268833952,0.47787877929752,29.1,9.6,8.7,21567,61.5,527,1,0.0024872804160885
"348",13076,1,"Ludwigslust-Parchim, Landkreis",106147,106484,212631,0.499207547347282,0.500792452652718,0.996835205289057,53290,101355,63364,0.250621969515264,0.476670852321628,30.2,10.5,8.4,19617,44.6,942,1,0.00443021008225517
"349",13071,3,"Mecklenburgische Seenplatte, Landkreis",128349,133384,261733,0.490381419232577,0.509618580767423,0.962251844299166,64656,120920,83214,0.247030370644894,0.461997531835879,33.5,10.8,13.2,22208,48,769,1,0.00293810868327647
"350",13073,0,"Vorpommern-Rügen, Landkreis",109916,113554,223470,0.49186020494921,0.50813979505079,0.967962379132395,54745,102617,72071,0.244976954401038,0.4591981026536,24.8,9.8,12.8,20677,69.6,582,1,0.00260437642636595
"351",13074,1,"Nordwestmecklenburg, Landkreis",77361,78063,155424,0.497741661519456,0.502258338480544,0.991007263364206,41272,73151,45518,0.265544574840436,0.470654467778464,30.9,10.9,9.3,20112,73.3,272,1,0.00175005147210212
"352",13075,2,"Vorpommern-Greifswald, Landkreis",116709,120988,237697,0.490999045002671,0.509000954997329,0.964632856151023,63647,108446,73477,0.267765264180869,0.45623630083678,28.7,12.2,13.6,19086,60.6,666,1,0.0028018864352516
"353",14511,2,"Chemnitz, kreisfreie Stadt",118807,124714,243521,0.4878716825243,0.5121283174757,0.952635630322177,66944,101014,84177,0.274900316605139,0.414806115283692,32.4,13,9.9,28678,1095.8,820,1,0.00336726606740281
"354",14522,3,"Mittelsachsen, Landkreis",154660,158051,312711,0.494578060893285,0.505421939106715,0.978544900063903,77362,135802,107435,0.247391361352815,0.434273178749708,27.5,10.1,7.9,22435,148.9,629,1,0.00201144187444637
"355",14523,1,"Vogtlandkreis",112675,119715,232390,0.484853048754249,0.515146951245751,0.941193668295535,53473,100328,84229,0.23010026248978,0.431722535393089,27.6,8.9,7.7,20681,165.7,545,1,0.00234519557640174
"356",14521,1,"Erzgebirgskreis",170984,178598,349582,0.489109851193711,0.510890148806289,0.957367943649985,83793,149918,123974,0.239694835546453,0.428849311463405,23,8.3,7.9,19108,192.1,545,1,0.00155900475424936
"357",14524,1,"Zwickau, Landkreis",157708,167429,325137,0.485050916998065,0.514949083001935,0.941939568414074,77686,139993,115701,0.238933126651227,0.430566192097485,31.2,9.5,7.6,23241,344.5,890,1,0.00273730765800263
"358",14612,6,"Dresden, kreisfreie Stadt",265153,271155,536308,0.494404334822527,0.505595665177473,0.977865058730247,180709,234712,145298,0.336950036173244,0.437644040364865,37,8.6,8.4,28694,1616.6,1288,1,0.00240160504784564
"359",14626,1,"Görlitz, Landkreis",126980,133208,260188,0.488031730902271,0.511968269097729,0.953246051288211,61534,111214,93659,0.236498224360847,0.427437083954679,23.2,11.7,11.8,21488,124.5,484,1,0.00186019339861946
"360",14625,5,"Bautzen, Landkreis",151079,155491,306570,0.492804253514695,0.507195746485305,0.971625367384607,74626,136738,102583,0.243422383142512,0.446025377564667,28.8,9,8.8,20707,129,666,1,0.00217242391623447
"361",14627,3,"Meißen, Landkreis",119756,123989,243745,0.491316744958871,0.508683255041129,0.965859874666301,59759,108567,81372,0.245170157336561,0.445412213583868,25.3,8.4,9.1,22336,167.8,497,1,0.00203901618494738
"362",14628,4,"Sächsische Schweiz-Osterzgebirge, Landkreis",121295,124659,245954,0.493161322848988,0.506838677151012,0.973014383237472,61452,107907,82736,0.249851598266342,0.438728380103597,24.5,10.2,7.9,18458,148.7,459,1,0.00186620262325476
"363",14713,1,"Leipzig, kreisfreie Stadt",264883,279596,544479,0.486488918764544,0.513511081235456,0.947377644887623,177641,248203,146404,0.326258680316413,0.455854128442052,34.6,14.4,10.2,28964,1787.4,1562,1,0.00286879751101512
"364",14729,2,"Leipzig, Landkreis",126180,131467,257647,0.489739837840146,0.510260162159854,0.959784584724684,61797,117545,84442,0.239851424623613,0.456224990005705,26.1,8.7,7.9,20707,156.4,562,1,0.0021812790368217
"365",14730,0,"Nordsachsen, Landkreis",97471,99571,197042,0.494671186853564,0.505328813146436,0.978909521848731,47456,91177,63254,0.24084205397834,0.462728758335786,22.8,10.9,10,21575,97.7,507,1,0.00257305549070756
"366",15001,1,"Dessau-Roßlau, kreisfreie Stadt",40183,42878,83061,0.483776983181036,0.516223016818964,0.937147255002565,18886,35283,31158,0.227375061701641,0.424784194748438,31.9,11.8,11.6,25596,341.7,223,1,0.0026847738409121
"367",15082,1,"Anhalt-Bitterfeld, Landkreis",80804,84272,165076,0.489495747413313,0.510504252586687,0.958847541294855,38282,74619,56323,0.231905304223509,0.45202815672781,24.6,12.3,10.8,21259,114.8,388,1,0.00235043252804769
"368",15091,2,"Wittenberg, Landkreis",63141,65580,128721,0.49052602139511,0.50947397860489,0.962808783165599,29232,57680,44973,0.227095811872189,0.448100931471943,22.6,9,10.5,21041,67.1,338,1,0.0026258341684729
"369",15002,6,"Halle (Saale), kreisfreie Stadt",111361,121109,232470,0.479033853830602,0.520966146169398,0.919510523577934,72579,99409,70263,0.312208026842173,0.427620768271175,36,10.6,11.9,25170,1715.2,772,1,0.00332085860541145
"370",15084,2,"Burgenlandkreis",90755,93300,184055,0.493086305723833,0.506913694276168,0.972722400857449,42431,82888,63431,0.230534351145038,0.450343647279346,35.1,10.3,11.1,20312,130.8,396,1,0.00215153079242618
"371",15088,0,"Saalekreis",92059,94451,186510,0.493587475202402,0.506412524797598,0.974674699050301,44877,86391,59911,0.240614444265723,0.463197683770307,20.3,10,9.5,27955,130.9,527,1,0.0028255857594767
"372",15087,2,"Mansfeld-Südharz, Landkreis",69891,72163,142054,0.492003041097048,0.507996958902952,0.968515721353048,31564,62763,51020,0.222197192616892,0.441824939811621,22,15.9,13.8,17866,98.9,541,1,0.0038084108860011
"373",15003,5,"Magdeburg, kreisfreie Stadt",113496,118809,232305,0.488564602569897,0.511435397430103,0.955281165568265,70422,100719,70620,0.303144572867566,0.433563634015626,36.2,9.7,11.4,29265,1149.4,858,1,0.00369342028798347
"374",15085,2,"Harz, Landkreis",107179,112439,219618,0.488024661002286,0.511975338997714,0.953219078789388,51787,97708,75526,0.235804897594915,0.444899780528008,28.1,8.2,8.3,19586,105,786,1,0.00357894161680737
"375",15086,0,"Jerichower Land, Landkreis",45442,45917,91359,0.497400365590692,0.502599634409308,0.989655247511815,21457,42782,29282,0.23486465482328,0.468284460206438,22.6,12.4,9.8,21173,58.2,242,1,0.00264889064022154
"376",15083,1,"Börde, Landkreis",86105,86725,172830,0.498206329919574,0.501793670080426,0.992850965696166,43004,82811,51531,0.248822542382688,0.47914713880692,24.7,7.5,7.8,23988,73.1,478,1,0.00276572354336631
"377",15090,1,"Stendal, Landkreis",56476,58192,114668,0.492517528865943,0.507482471134057,0.970511410503162,28642,53012,36139,0.249781979279311,0.462308577807235,23.7,11.6,12.9,20392,47.7,340,1,0.0029650818013744
"378",15089,0,"Salzlandkreis",95872,100878,196750,0.487278271918679,0.512721728081321,0.950375701342215,46106,88026,67655,0.234337992376112,0.447400254129606,23,10.5,12,20598,139.3,558,1,0.00283608640406607
"379",15081,0,"Altmarkkreis Salzwedel",42966,43105,86071,0.49919252709972,0.50080747290028,0.996775316088621,22027,40347,25915,0.255916626970757,0.468764159821543,24.7,11.1,8.7,21429,37.6,220,1,0.00255602932462734
"380",16051,2,"Erfurt, kreisfreie Stadt",99629,106590,206219,0.483122311717155,0.516877688282845,0.934693686086875,63246,93762,57939,0.306693369670108,0.454671974939264,39.7,9.3,8.2,29844,761.2,606,1,0.00293862350219912
"381",16052,1,"Gera, kreisfreie Stadt",45304,49188,94492,0.479447995597511,0.520552004402489,0.921037651459706,22564,41077,33700,0.238792702027685,0.434714049866655,33.8,9,11.2,22327,625.2,204,1,0.0021589129238454
"382",16053,1,"Jena, kreisfreie Stadt",53516,54691,108207,0.494570591551378,0.505429408448622,0.978515660712,38455,46901,28379,0.355383662794459,0.433437762806473,55.6,5.3,7,34136,940.6,72,1,0.000665391333277884
"383",16054,0,"Suhl, kreisfreie Stadt",17715,18493,36208,0.489256517896597,0.510743482103403,0.957930027578002,7941,15253,13849,0.219316173221388,0.42126049491825,20.9,8.9,7.1,25105,347.2,136,1,0.0037560760053027
"384",16055,0,"Weimar, kreisfreie Stadt",30513,32964,63477,0.48069379460277,0.51930620539723,0.925646159446669,20053,28082,17967,0.315909699576224,0.442396458559793,44.5,7.8,8.5,24667,752,189,1,0.00297745640153126
"385",16056,0,"Eisenach, kreisfreie Stadt",20337,21547,41884,0.485555343329195,0.514444656670805,0.943843690536966,10854,18890,13444,0.259144303313915,0.451007544647121,38.5,11.5,8.4,25593,400.3,109,1,0.00260242574730207
"386",16061,0,"Eichsfeld, Landkreis",50508,50222,100730,0.501419636652437,0.498580363347563,1.00569471546334,27876,46366,29457,0.276739799463913,0.460299811376948,34.9,6.2,5.6,20747,107.4,157,1,0.00155862205896952
"387",16062,0,"Nordhausen, Landkreis",41963,43092,85055,0.493363117982482,0.506636882017518,0.973800241344101,21893,37886,27726,0.257398154135559,0.445429428017165,23.5,11.7,9.6,20288,120.1,144,1,0.00169302216213039
"388",16063,0,"Wartburgkreis",62869,62966,125835,0.499614574641395,0.500385425358605,0.998459486071848,31240,58362,39540,0.248261612428974,0.463797830492311,27.4,4.5,5.7,22045,96.8,253,1,0.00201056939643184
"389",16064,0,"Unstrut-Hainich-Kreis",51293,52629,103922,0.493572102153538,0.506427897846462,0.97461475612305,26883,47388,32302,0.25868439791382,0.455995843036123,33,10.1,10.1,19411,106.9,215,1,0.0020688593368103
"390",16065,1,"Kyffhäuserkreis",38232,38916,77148,0.49556696220252,0.50443303779748,0.982423681776133,18245,34869,25882,0.236493493026391,0.451975423860631,25.9,11.9,11,17464,75,193,1,0.002501685072847
"391",16066,0,"Schmalkalden-Meiningen, Landkreis",62342,62714,125056,0.498512666325486,0.501487333674514,0.994068310106196,30479,57245,40532,0.243722812180143,0.457754925793245,22.5,10.2,5.9,21909,103.8,217,1,0.00173522262026612
"392",16067,3,"Gotha, Landkreis",67197,68184,135381,0.496354732200235,0.503645267799765,0.985524463217177,34342,62094,42556,0.253669274122661,0.458661111972877,36.6,6.3,7.3,22128,144.5,304,1,0.00224551451089887
"393",16068,0,"Sömmerda, Landkreis",35134,35403,70537,0.498093199313835,0.501906800686165,0.992401773860972,17385,33213,21755,0.246466393523966,0.4708592653501,20.9,9.1,8.7,18980,88.1,112,1,0.00158781915873938
"394",16069,0,"Hildburghausen, Landkreis",32223,32450,64673,0.49824501724058,0.50175498275942,0.993004622496148,15884,30501,20062,0.245604811899865,0.471618758987522,17.7,5.5,5.2,19799,69.4,171,1,0.00264407094150573
"395",16070,1,"Ilm-Kreis",54461,54438,108899,0.500105602438957,0.499894397561043,1.00042249898968,28628,48356,34972,0.262885793257973,0.444044481583853,27.3,8.4,7.7,22175,129.2,208,1,0.00191002672200847
"396",16071,0,"Weimarer Land, Landkreis",40319,41322,81641,0.493857253095871,0.506142746904129,0.975727215526838,20691,38529,24488,0.253438835879031,0.471931994953516,21.5,7.3,6.5,20165,101.7,205,1,0.00251099325094009
"397",16072,1,"Sonneberg, Landkreis",27789,29020,56809,0.48916544913658,0.51083455086342,0.957580978635424,12747,25871,19582,0.224383460367195,0.455403193156014,29.2,9.4,4.3,22906,132.1,115,1,0.00202432713126441
"398",16073,1,"Saalfeld-Rudolstadt, Landkreis",53737,55909,109646,0.490095397916933,0.509904602083067,0.961151156343344,24886,48639,38763,0.226966784014009,0.443600313736935,26.9,9.9,8,20956,106.6,207,1,0.00188789376721449
"399",16074,0,"Saale-Holzland-Kreis",41758,42208,83966,0.497320343948741,0.502679656051259,0.989338514025777,20767,38691,26681,0.247326298739966,0.460793654574471,22.9,6.1,6.8,20518,102.8,440,1,0.00524021627801729
"400",16075,0,"Saale-Orla-Kreis",40833,42054,82887,0.492634550653299,0.507365449346701,0.970965900984449,19871,37679,27402,0.239736026156092,0.454582745183201,27,6.5,7,22620,72.8,197,1,0.0023767297646193
"401",16076,0,"Greiz, Landkreis",49836,51546,101382,0.491566550275197,0.508433449724803,0.966825747875684,22451,45251,35878,0.221449566984277,0.446341559645696,25.3,5.4,8.3,17604,121.1,157,1,0.00154859837051942
"402",16077,0,"Altenburger Land, Landkreis",45399,47306,92705,0.489714686370746,0.510285313629254,0.959687988838625,20147,40461,34150,0.217323768944501,0.436448950973518,28,5.6,10.9,18293,164.5,196,1,0.00211423332074861
